23 de agosto de 1729	Diário de 23 de agosto de 1729	tempo	Gazetas
Diário	Diário de 23 de agosto de 1729	obra	Gazetas
Vasco Fernandes César	Pelas cartas de Vasco Fernandes César, se soube a notícia, que aqui todos ignoravam, de que El-rei o tinha feito Conde de Sabugosa vila junto a Viseu de que não sabemos se lhe desse senhorio.	pessoa	Gazetas
El-rei	Pelas cartas de Vasco Fernandes César, se soube a notícia, que aqui todos ignoravam, de que El-rei o tinha feito Conde de Sabugosa vila junto a Viseu de que não sabemos se lhe desse senhorio.	pessoa	Gazetas
Conde de Sabugosa	Pelas cartas de Vasco Fernandes César, se soube a notícia, que aqui todos ignoravam, de que El-rei o tinha feito Conde de Sabugosa vila junto a Viseu de que não sabemos se lhe desse senhorio.	pessoa	Gazetas
Viseu	Pelas cartas de Vasco Fernandes César, se soube a notícia, que aqui todos ignoravam, de que El-rei o tinha feito Conde de Sabugosa vila junto a Viseu de que não sabemos se lhe desse senhorio.	lugar	Gazetas
Rodrigo César	Chegou Rodrigo César, gordo, mas não cheio, mostrou grande desinteresse; as minas que descobriu tem grande quantidade de ouro, e se achou um grão de meia arroba, porém é mau o clima, e tão dilatado o caminho, que comeu várias coisas asquerosas, ficou de posse do governo Antônio da Silva Pimentel.	pessoa	Gazetas
Antônio da Silva Pimentel	Chegou Rodrigo César, gordo, mas não cheio, mostrou grande desinteresse; as minas que descobriu tem grande quantidade de ouro, e se achou um grão de meia arroba, porém é mau o clima, e tão dilatado o caminho, que comeu várias coisas asquerosas, ficou de posse do governo Antônio da Silva Pimentel.	pessoa	Gazetas
meia arroba	Chegou Rodrigo César, gordo, mas não cheio, mostrou grande desinteresse; as minas que descobriu tem grande quantidade de ouro, e se achou um grão de meia arroba, porém é mau o clima, e tão dilatado o caminho, que comeu várias coisas asquerosas, ficou de posse do governo Antônio da Silva Pimentel.	medida	Gazetas
Dona Maurícia	Elegeu-se abadessa de Santa Clara Dona Maurícia, de muita capacidade tendo praticado Frei Antônio da Piedade a renúncia voluntária da sua antecessora, de que se espera o sossego daquele convento.	pessoa	Gazetas
Frei Antônio da Piedade	Elegeu-se abadessa de Santa Clara Dona Maurícia, de muita capacidade tendo praticado Frei Antônio da Piedade a renúncia voluntária da sua antecessora, de que se espera o sossego daquele convento.	pessoa	Gazetas
Macau	Chegou a nau de Macau com João Baptista Rollano, e a vida da Índia, por onde se sabe que sem embargo da conquista de Mombaça e todas as suas grandes dependências, não faltava cuidado, porque os arábios, diziam estavam unidos, e cuidavam em restaurá-la, e os reis vizinhos tem má inteligência, fazendo pelo Norte algumas entradas; a nau que de Lisboa partiu em abril arribou à Bahia, de onde dizem irá com outra, que prepara o Conde de Sabugosa, e aqui se apressam as que vão a Mombaça.	lugar	Gazetas
João Baptista Rollano	Chegou a nau de Macau com João Baptista Rollano, e a vida da Índia, por onde se sabe que sem embargo da conquista de Mombaça e todas as suas grandes dependências, não faltava cuidado, porque os arábios, diziam estavam unidos, e cuidavam em restaurá-la, e os reis vizinhos tem má inteligência, fazendo pelo Norte algumas entradas; a nau que de Lisboa partiu em abril arribou à Bahia, de onde dizem irá com outra, que prepara o Conde de Sabugosa, e aqui se apressam as que vão a Mombaça.	pessoa	Gazetas
Índia	Chegou a nau de Macau com João Baptista Rollano, e a vida da Índia, por onde se sabe que sem embargo da conquista de Mombaça e todas as suas grandes dependências, não faltava cuidado, porque os arábios, diziam estavam unidos, e cuidavam em restaurá-la, e os reis vizinhos tem má inteligência, fazendo pelo Norte algumas entradas; a nau que de Lisboa partiu em abril arribou à Bahia, de onde dizem irá com outra, que prepara o Conde de Sabugosa, e aqui se apressam as que vão a Mombaça.	lugar	Gazetas
Mombaça	Chegou a nau de Macau com João Baptista Rollano, e a vida da Índia, por onde se sabe que sem embargo da conquista de Mombaça e todas as suas grandes dependências, não faltava cuidado, porque os arábios, diziam estavam unidos, e cuidavam em restaurá-la, e os reis vizinhos tem má inteligência, fazendo pelo Norte algumas entradas; a nau que de Lisboa partiu em abril arribou à Bahia, de onde dizem irá com outra, que prepara o Conde de Sabugosa, e aqui se apressam as que vão a Mombaça.	lugar	Gazetas
arábios	Chegou a nau de Macau com João Baptista Rollano, e a vida da Índia, por onde se sabe que sem embargo da conquista de Mombaça e todas as suas grandes dependências, não faltava cuidado, porque os arábios, diziam estavam unidos, e cuidavam em restaurá-la, e os reis vizinhos tem má inteligência, fazendo pelo Norte algumas entradas; a nau que de Lisboa partiu em abril arribou à Bahia, de onde dizem irá com outra, que prepara o Conde de Sabugosa, e aqui se apressam as que vão a Mombaça.	outros	Gazetas
Lisboa	Chegou a nau de Macau com João Baptista Rollano, e a vida da Índia, por onde se sabe que sem embargo da conquista de Mombaça e todas as suas grandes dependências, não faltava cuidado, porque os arábios, diziam estavam unidos, e cuidavam em restaurá-la, e os reis vizinhos tem má inteligência, fazendo pelo Norte algumas entradas; a nau que de Lisboa partiu em abril arribou à Bahia, de onde dizem irá com outra, que prepara o Conde de Sabugosa, e aqui se apressam as que vão a Mombaça.	lugar	Gazetas
Bahia	Chegou a nau de Macau com João Baptista Rollano, e a vida da Índia, por onde se sabe que sem embargo da conquista de Mombaça e todas as suas grandes dependências, não faltava cuidado, porque os arábios, diziam estavam unidos, e cuidavam em restaurá-la, e os reis vizinhos tem má inteligência, fazendo pelo Norte algumas entradas; a nau que de Lisboa partiu em abril arribou à Bahia, de onde dizem irá com outra, que prepara o Conde de Sabugosa, e aqui se apressam as que vão a Mombaça.	lugar	Gazetas
Conde de Sabugosa	Chegou a nau de Macau com João Baptista Rollano, e a vida da Índia, por onde se sabe que sem embargo da conquista de Mombaça e todas as suas grandes dependências, não faltava cuidado, porque os arábios, diziam estavam unidos, e cuidavam em restaurá-la, e os reis vizinhos tem má inteligência, fazendo pelo Norte algumas entradas; a nau que de Lisboa partiu em abril arribou à Bahia, de onde dizem irá com outra, que prepara o Conde de Sabugosa, e aqui se apressam as que vão a Mombaça.	pessoa	Gazetas
Mombaça	Chegou a nau de Macau com João Baptista Rollano, e a vida da Índia, por onde se sabe que sem embargo da conquista de Mombaça e todas as suas grandes dependências, não faltava cuidado, porque os arábios, diziam estavam unidos, e cuidavam em restaurá-la, e os reis vizinhos tem má inteligência, fazendo pelo Norte algumas entradas; a nau que de Lisboa partiu em abril arribou à Bahia, de onde dizem irá com outra, que prepara o Conde de Sabugosa, e aqui se apressam as que vão a Mombaça.	lugar	Gazetas
abril	Chegou a nau de Macau com João Baptista Rollano, e a vida da Índia, por onde se sabe que sem embargo da conquista de Mombaça e todas as suas grandes dependências, não faltava cuidado, porque os arábios, diziam estavam unidos, e cuidavam em restaurá-la, e os reis vizinhos tem má inteligência, fazendo pelo Norte algumas entradas; a nau que de Lisboa partiu em abril arribou à Bahia, de onde dizem irá com outra, que prepara o Conde de Sabugosa, e aqui se apressam as que vão a Mombaça.	tempo	Gazetas
Rodrigo César	Rodrigo César foi bem recebido de El-rei.	pessoa	Gazetas
El-rei	Rodrigo César foi bem recebido de El-rei.	pessoa	Gazetas
Goa	Veio de Goa Dom José de Soto Maior, na nau da Índia que chegou a Bahia vem por capitão um irmão bastardo de Caetano de Melo que traz a sua família, e o Conde de Coculim tem boa remessa; morreu dentro de mês, e meio o chanceler da Índia que tinha ido de Lisboa.	lugar	Gazetas
Dom José de Soto Maior	Veio de Goa Dom José de Soto Maior, na nau da Índia que chegou a Bahia vem por capitão um irmão bastardo de Caetano de Melo que traz a sua família, e o Conde de Coculim tem boa remessa; morreu dentro de mês, e meio o chanceler da Índia que tinha ido de Lisboa.	pessoa	Gazetas
Índia	Veio de Goa Dom José de Soto Maior, na nau da Índia que chegou a Bahia vem por capitão um irmão bastardo de Caetano de Melo que traz a sua família, e o Conde de Coculim tem boa remessa; morreu dentro de mês, e meio o chanceler da Índia que tinha ido de Lisboa.	lugar	Gazetas
Bahia	Veio de Goa Dom José de Soto Maior, na nau da Índia que chegou a Bahia vem por capitão um irmão bastardo de Caetano de Melo que traz a sua família, e o Conde de Coculim tem boa remessa; morreu dentro de mês, e meio o chanceler da Índia que tinha ido de Lisboa.	lugar	Gazetas
Caetano de Melo	Veio de Goa Dom José de Soto Maior, na nau da Índia que chegou a Bahia vem por capitão um irmão bastardo de Caetano de Melo que traz a sua família, e o Conde de Coculim tem boa remessa; morreu dentro de mês, e meio o chanceler da Índia que tinha ido de Lisboa.	pessoa	Gazetas
Conde de Coculim	Veio de Goa Dom José de Soto Maior, na nau da Índia que chegou a Bahia vem por capitão um irmão bastardo de Caetano de Melo que traz a sua família, e o Conde de Coculim tem boa remessa; morreu dentro de mês, e meio o chanceler da Índia que tinha ido de Lisboa.	pessoa	Gazetas
Índia	Veio de Goa Dom José de Soto Maior, na nau da Índia que chegou a Bahia vem por capitão um irmão bastardo de Caetano de Melo que traz a sua família, e o Conde de Coculim tem boa remessa; morreu dentro de mês, e meio o chanceler da Índia que tinha ido de Lisboa.	lugar	Gazetas
Lisboa	Veio de Goa Dom José de Soto Maior, na nau da Índia que chegou a Bahia vem por capitão um irmão bastardo de Caetano de Melo que traz a sua família, e o Conde de Coculim tem boa remessa; morreu dentro de mês, e meio o chanceler da Índia que tinha ido de Lisboa.	lugar	Gazetas
João de Saldanha	João de Saldanha casou um filho que daqui tinha ido, com uma filha herdeira de Martinho da Silveira de Meneses, mas quando se recebeu pariu sua mãe um filho que já não esperava.	pessoa	Gazetas
Martinho da Silveira de Meneses	João de Saldanha casou um filho que daqui tinha ido, com uma filha herdeira de Martinho da Silveira de Meneses, mas quando se recebeu pariu sua mãe um filho que já não esperava.	pessoa	Gazetas
Morgado de Oliveira	Os casamentos do Morgado de Oliveira, e outros de fidalgos que aqui se divulgaram, não são verdadeiros.	pessoa	Gazetas
Ministro de Évora	O Ministro de Évora que mandou citar ao Cardeal Pereira, vem justificar-se mostrando que ele lhe tinha dadolicença para usar dos meios ordinários, confessando por cartas suas a dívida, que resultava do empenho deprata, e seus juros.	pessoa	Gazetas
Cardeal Pereira	O Ministro de Évora que mandou citar ao Cardeal Pereira, vem justificar-se mostrando que ele lhe tinha dadolicença para usar dos meios ordinários, confessando por cartas suas a dívida, que resultava do empenho deprata, e seus juros.	pessoa	Gazetas
Domingos	Domingos fez André Lopes do Lavre a comédia de: Ni siempre lo peor es cierto, com muita abundância de doces, e bebidas, convidou todos os fidalgos, de que faltaram poucos, e as senhoras, de que foram bastantes, e acabou a uma hora da noite.	tempo	Gazetas
André Lopes do Lavre	Domingos fez André Lopes do Lavre a comédia de: Ni siempre lo peor es cierto, com muita abundância de doces, e bebidas, convidou todos os fidalgos, de que faltaram poucos, e as senhoras, de que foram bastantes, e acabou a uma hora da noite.	pessoa	Gazetas
Ni siempre lo peor es cierto	Domingos fez André Lopes do Lavre a comédia de: Ni siempre lo peor es cierto, com muita abundância de doces, e bebidas, convidou todos os fidalgos, de que faltaram poucos, e as senhoras, de que foram bastantes, e acabou a uma hora da noite.	obra	Gazetas
El-rei	El-rei tem continuado as jornadas a Mafra, e foi a cavalo pelo caminho novo, o Conde de Unhão João Xavier veio com a gente do Algarve, e assiste na obra mandando fazer o trabalho a toque de caixa.	pessoa	Gazetas
Mafra	El-rei tem continuado as jornadas a Mafra, e foi a cavalo pelo caminho novo, o Conde de Unhão João Xavier veio com a gente do Algarve, e assiste na obra mandando fazer o trabalho a toque de caixa.	lugar	Gazetas
Conde de Unhão João Xavier	El-rei tem continuado as jornadas a Mafra, e foi a cavalo pelo caminho novo, o Conde de Unhão João Xavier veio com a gente do Algarve, e assiste na obra mandando fazer o trabalho a toque de caixa.	pessoa	Gazetas
Algarve	El-rei tem continuado as jornadas a Mafra, e foi a cavalo pelo caminho novo, o Conde de Unhão João Xavier veio com a gente do Algarve, e assiste na obra mandando fazer o trabalho a toque de caixa.	lugar	Gazetas
Senhora Condessa de Castelo Melhor	Mal pariu a Senhora Condessa de Castelo Melhor, e a Senhora Dona Inácia de Rohan que vai às Caldas, e a Senhora Dona Ana Joaquina e Condessa da Ericeira fazem esta semana a mesma jornada; naquela vila se acha a Senhora Condessa de Vila Nova, de lá voltou a Senhora Dona Teresa da Silveira que achou o Conde de Sarzedas seu pai ainda com sezões e toma aço; o Conde de Aveiras Luís da Silva ainda está com muita queixa.	pessoa	Gazetas
Senhora Dona Inácia de Rohan	Mal pariu a Senhora Condessa de Castelo Melhor, e a Senhora Dona Inácia de Rohan que vai às Caldas, e a Senhora Dona Ana Joaquina e Condessa da Ericeira fazem esta semana a mesma jornada; naquela vila se acha a Senhora Condessa de Vila Nova, de lá voltou a Senhora Dona Teresa da Silveira que achou o Conde de Sarzedas seu pai ainda com sezões e toma aço; o Conde de Aveiras Luís da Silva ainda está com muita queixa.	pessoa	Gazetas
Caldas	Mal pariu a Senhora Condessa de Castelo Melhor, e a Senhora Dona Inácia de Rohan que vai às Caldas, e a Senhora Dona Ana Joaquina e Condessa da Ericeira fazem esta semana a mesma jornada; naquela vila se acha a Senhora Condessa de Vila Nova, de lá voltou a Senhora Dona Teresa da Silveira que achou o Conde de Sarzedas seu pai ainda com sezões e toma aço; o Conde de Aveiras Luís da Silva ainda está com muita queixa.	lugar	Gazetas
Senhora Dona Ana Joaquina	Mal pariu a Senhora Condessa de Castelo Melhor, e a Senhora Dona Inácia de Rohan que vai às Caldas, e a Senhora Dona Ana Joaquina e Condessa da Ericeira fazem esta semana a mesma jornada; naquela vila se acha a Senhora Condessa de Vila Nova, de lá voltou a Senhora Dona Teresa da Silveira que achou o Conde de Sarzedas seu pai ainda com sezões e toma aço; o Conde de Aveiras Luís da Silva ainda está com muita queixa.	pessoa	Gazetas
Condessa da Ericeira	Mal pariu a Senhora Condessa de Castelo Melhor, e a Senhora Dona Inácia de Rohan que vai às Caldas, e a Senhora Dona Ana Joaquina e Condessa da Ericeira fazem esta semana a mesma jornada; naquela vila se acha a Senhora Condessa de Vila Nova, de lá voltou a Senhora Dona Teresa da Silveira que achou o Conde de Sarzedas seu pai ainda com sezões e toma aço; o Conde de Aveiras Luís da Silva ainda está com muita queixa.	pessoa	Gazetas
Senhora Condessa de Vila Nova	Mal pariu a Senhora Condessa de Castelo Melhor, e a Senhora Dona Inácia de Rohan que vai às Caldas, e a Senhora Dona Ana Joaquina e Condessa da Ericeira fazem esta semana a mesma jornada; naquela vila se acha a Senhora Condessa de Vila Nova, de lá voltou a Senhora Dona Teresa da Silveira que achou o Conde de Sarzedas seu pai ainda com sezões e toma aço; o Conde de Aveiras Luís da Silva ainda está com muita queixa.	pessoa	Gazetas
Senhora Dona Teresa da Silveira	Mal pariu a Senhora Condessa de Castelo Melhor, e a Senhora Dona Inácia de Rohan que vai às Caldas, e a Senhora Dona Ana Joaquina e Condessa da Ericeira fazem esta semana a mesma jornada; naquela vila se acha a Senhora Condessa de Vila Nova, de lá voltou a Senhora Dona Teresa da Silveira que achou o Conde de Sarzedas seu pai ainda com sezões e toma aço; o Conde de Aveiras Luís da Silva ainda está com muita queixa.	pessoa	Gazetas
Conde de Sarzedas	Mal pariu a Senhora Condessa de Castelo Melhor, e a Senhora Dona Inácia de Rohan que vai às Caldas, e a Senhora Dona Ana Joaquina e Condessa da Ericeira fazem esta semana a mesma jornada; naquela vila se acha a Senhora Condessa de Vila Nova, de lá voltou a Senhora Dona Teresa da Silveira que achou o Conde de Sarzedas seu pai ainda com sezões e toma aço; o Conde de Aveiras Luís da Silva ainda está com muita queixa.	pessoa	Gazetas
Conde de Aveiras Luís da Silva	Mal pariu a Senhora Condessa de Castelo Melhor, e a Senhora Dona Inácia de Rohan que vai às Caldas, e a Senhora Dona Ana Joaquina e Condessa da Ericeira fazem esta semana a mesma jornada; naquela vila se acha a Senhora Condessa de Vila Nova, de lá voltou a Senhora Dona Teresa da Silveira que achou o Conde de Sarzedas seu pai ainda com sezões e toma aço; o Conde de Aveiras Luís da Silva ainda está com muita queixa.	pessoa	Gazetas
Marques de Abrantes	O Marques de Abrantes ainda não tomou semana, e fez em sua casa uma conferência acadêmica com muitos refrescos.	pessoa	Gazetas
Trancoso	Apareceu na parede de uma igreja de Trancoso um sepulcro com um cadáver organizado, e um livro em que o pároco Pascoal João no ano de 1533 jurava que era o original de Gonçalo Anes Bandarra com novos sonhos verdadeiros, e uma copla que verificava este descobrimento; porém ao livro recolheu um comissário do Santo Ofício o qual tribunal tem feito muitas prisões fora de de Lisboa.	lugar	Gazetas
pároco Pascoal João	Apareceu na parede de uma igreja de Trancoso um sepulcro com um cadáver organizado, e um livro em que o pároco Pascoal João no ano de 1533 jurava que era o original de Gonçalo Anes Bandarra com novos sonhos verdadeiros, e uma copla que verificava este descobrimento; porém ao livro recolheu um comissário do Santo Ofício o qual tribunal tem feito muitas prisões fora de de Lisboa.	pessoa	Gazetas
ano de 1533	Apareceu na parede de uma igreja de Trancoso um sepulcro com um cadáver organizado, e um livro em que o pároco Pascoal João no ano de 1533 jurava que era o original de Gonçalo Anes Bandarra com novos sonhos verdadeiros, e uma copla que verificava este descobrimento; porém ao livro recolheu um comissário do Santo Ofício o qual tribunal tem feito muitas prisões fora de de Lisboa.	tempo	Gazetas
Gonçalo Anes Bandarra	Apareceu na parede de uma igreja de Trancoso um sepulcro com um cadáver organizado, e um livro em que o pároco Pascoal João no ano de 1533 jurava que era o original de Gonçalo Anes Bandarra com novos sonhos verdadeiros, e uma copla que verificava este descobrimento; porém ao livro recolheu um comissário do Santo Ofício o qual tribunal tem feito muitas prisões fora de de Lisboa.	pessoa	Gazetas
Santo Ofício	Apareceu na parede de uma igreja de Trancoso um sepulcro com um cadáver organizado, e um livro em que o pároco Pascoal João no ano de 1533 jurava que era o original de Gonçalo Anes Bandarra com novos sonhos verdadeiros, e uma copla que verificava este descobrimento; porém ao livro recolheu um comissário do Santo Ofício o qual tribunal tem feito muitas prisões fora de de Lisboa.	organização	Gazetas
Lisboa	Apareceu na parede de uma igreja de Trancoso um sepulcro com um cadáver organizado, e um livro em que o pároco Pascoal João no ano de 1533 jurava que era o original de Gonçalo Anes Bandarra com novos sonhos verdadeiros, e uma copla que verificava este descobrimento; porém ao livro recolheu um comissário do Santo Ofício o qual tribunal tem feito muitas prisões fora de de Lisboa.	lugar	Gazetas
El-rei	Deu El-rei patente de coronel a Antônio Henriques, e a tinha dado a Bento Pereira com o governo de Valença, e algumas a outros oficiais.	pessoa	Gazetas
Antônio Henriques	Deu El-rei patente de coronel a Antônio Henriques, e a tinha dado a Bento Pereira com o governo de Valença, e algumas a outros oficiais.	pessoa	Gazetas
Bento Pereira	Deu El-rei patente de coronel a Antônio Henriques, e a tinha dado a Bento Pereira com o governo de Valença, e algumas a outros oficiais.	pessoa	Gazetas
Valença	Deu El-rei patente de coronel a Antônio Henriques, e a tinha dado a Bento Pereira com o governo de Valença, e algumas a outros oficiais.	lugar	Gazetas
João de Saldanha	Tendo João de Saldanha socorrido com mantimentos, e munições a uns navios franceses que com ela conquistaram a praça de Mahé do Samorim, e não querendo levar-lhe dinheiro em atenção ao que tinham obrado com o Conde de Ericeira, El-rei de França lhe mandou restituir os mesmos gêneros, e de presente o seu retrato, e o da Rainha em corpo inteiro, um precioso relógio de bufete de embutidos, uma caixa de ouro guarnecida de diamantes, e dois morteiros de nova invenção.	pessoa	Gazetas
praça de Mahé do Samorim	Tendo João de Saldanha socorrido com mantimentos, e munições a uns navios franceses que com ela conquistaram a praça de Mahé do Samorim, e não querendo levar-lhe dinheiro em atenção ao que tinham obrado com o Conde de Ericeira, El-rei de França lhe mandou restituir os mesmos gêneros, e de presente o seu retrato, e o da Rainha em corpo inteiro, um precioso relógio de bufete de embutidos, uma caixa de ouro guarnecida de diamantes, e dois morteiros de nova invenção.	lugar	Gazetas
Conde de Ericeira	Tendo João de Saldanha socorrido com mantimentos, e munições a uns navios franceses que com ela conquistaram a praça de Mahé do Samorim, e não querendo levar-lhe dinheiro em atenção ao que tinham obrado com o Conde de Ericeira, El-rei de França lhe mandou restituir os mesmos gêneros, e de presente o seu retrato, e o da Rainha em corpo inteiro, um precioso relógio de bufete de embutidos, uma caixa de ouro guarnecida de diamantes, e dois morteiros de nova invenção.	pessoa	Gazetas
El-rei de França	Tendo João de Saldanha socorrido com mantimentos, e munições a uns navios franceses que com ela conquistaram a praça de Mahé do Samorim, e não querendo levar-lhe dinheiro em atenção ao que tinham obrado com o Conde de Ericeira, El-rei de França lhe mandou restituir os mesmos gêneros, e de presente o seu retrato, e o da Rainha em corpo inteiro, um precioso relógio de bufete de embutidos, uma caixa de ouro guarnecida de diamantes, e dois morteiros de nova invenção.	pessoa	Gazetas
Rainha	Tendo João de Saldanha socorrido com mantimentos, e munições a uns navios franceses que com ela conquistaram a praça de Mahé do Samorim, e não querendo levar-lhe dinheiro em atenção ao que tinham obrado com o Conde de Ericeira, El-rei de França lhe mandou restituir os mesmos gêneros, e de presente o seu retrato, e o da Rainha em corpo inteiro, um precioso relógio de bufete de embutidos, uma caixa de ouro guarnecida de diamantes, e dois morteiros de nova invenção.	pessoa	Gazetas
Diário de Lisboa	Diário de Lisboa de 9 de agosto de 1729	obra	Gazetas
9 de agosto de 1729	Diário de Lisboa de 9 de agosto de 1729	tempo	Gazetas
Mafra	Continuam com eficácia as prevenções de Mafra chegando das províncias soldados, e trabalhadores, e do Algarve vieram duzentos fechando-se os fornos de cal, e as estâncias de madeira em, Lisboa porque não tinham diversão os oficiais.	lugar	Gazetas
Algarve	Continuam com eficácia as prevenções de Mafra chegando das províncias soldados, e trabalhadores, e do Algarve vieram duzentos fechando-se os fornos de cal, e as estâncias de madeira em, Lisboa porque não tinham diversão os oficiais.	lugar	Gazetas
Lisboa	Continuam com eficácia as prevenções de Mafra chegando das províncias soldados, e trabalhadores, e do Algarve vieram duzentos fechando-se os fornos de cal, e as estâncias de madeira em, Lisboa porque não tinham diversão os oficiais.	lugar	Gazetas
Senhor Infante Dom Carlos	O Senhor Infante Dom Carlos está melhor esta semana e todos os doentes em que falou o Diário estão livres, e só morreu Troilo de Vasconcelos, e dizem que seu filho faz demanda a seu sogro Dom Henrique de Meneses querendo provar que sua filha como legitimada é sua herdeira forçada, descobrindo-se agora que nas escrituras, e pregões se declarou que era filha de uma irmã de Antônio Teles de Meneses, Senhor da Casa de Vila Pouca a qual vive, e é freira; estranheza nunca ouvida.	pessoa	Gazetas
Diário	O Senhor Infante Dom Carlos está melhor esta semana e todos os doentes em que falou o Diário estão livres, e só morreu Troilo de Vasconcelos, e dizem que seu filho faz demanda a seu sogro Dom Henrique de Meneses querendo provar que sua filha como legitimada é sua herdeira forçada, descobrindo-se agora que nas escrituras, e pregões se declarou que era filha de uma irmã de Antônio Teles de Meneses, Senhor da Casa de Vila Pouca a qual vive, e é freira; estranheza nunca ouvida.	obra	Gazetas
Troilo de Vasconcelos	O Senhor Infante Dom Carlos está melhor esta semana e todos os doentes em que falou o Diário estão livres, e só morreu Troilo de Vasconcelos, e dizem que seu filho faz demanda a seu sogro Dom Henrique de Meneses querendo provar que sua filha como legitimada é sua herdeira forçada, descobrindo-se agora que nas escrituras, e pregões se declarou que era filha de uma irmã de Antônio Teles de Meneses, Senhor da Casa de Vila Pouca a qual vive, e é freira; estranheza nunca ouvida.	pessoa	Gazetas
Dom Henrique de Meneses	O Senhor Infante Dom Carlos está melhor esta semana e todos os doentes em que falou o Diário estão livres, e só morreu Troilo de Vasconcelos, e dizem que seu filho faz demanda a seu sogro Dom Henrique de Meneses querendo provar que sua filha como legitimada é sua herdeira forçada, descobrindo-se agora que nas escrituras, e pregões se declarou que era filha de uma irmã de Antônio Teles de Meneses, Senhor da Casa de Vila Pouca a qual vive, e é freira; estranheza nunca ouvida.	pessoa	Gazetas
Antônio Teles de Meneses	O Senhor Infante Dom Carlos está melhor esta semana e todos os doentes em que falou o Diário estão livres, e só morreu Troilo de Vasconcelos, e dizem que seu filho faz demanda a seu sogro Dom Henrique de Meneses querendo provar que sua filha como legitimada é sua herdeira forçada, descobrindo-se agora que nas escrituras, e pregões se declarou que era filha de uma irmã de Antônio Teles de Meneses, Senhor da Casa de Vila Pouca a qual vive, e é freira; estranheza nunca ouvida.	pessoa	Gazetas
Senhor da Casa de Vila Pouca	O Senhor Infante Dom Carlos está melhor esta semana e todos os doentes em que falou o Diário estão livres, e só morreu Troilo de Vasconcelos, e dizem que seu filho faz demanda a seu sogro Dom Henrique de Meneses querendo provar que sua filha como legitimada é sua herdeira forçada, descobrindo-se agora que nas escrituras, e pregões se declarou que era filha de uma irmã de Antônio Teles de Meneses, Senhor da Casa de Vila Pouca a qual vive, e é freira; estranheza nunca ouvida.	pessoa	Gazetas
El-rei	Houve na presença de El-rei uma junta a que só foram chamados os cardeais, o Marquês de Alegrete e o Conde de Assumar;	pessoa	Gazetas
Marquês de Alegrete	Houve na presença de El-rei uma junta a que só foram chamados os cardeais, o Marquês de Alegrete e o Conde de Assumar;	pessoa	Gazetas
Conde de Assumar	Houve na presença de El-rei uma junta a que só foram chamados os cardeais, o Marquês de Alegrete e o Conde de Assumar;	pessoa	Gazetas
Embaixador de Castela	E porque tinha chegado um navio inglês, se discorre que seria motivo o ajuste desta questão, e o Embaixador de Castela tem oferecido 25 navios, e 80 mil homens: mas Portugal nunca fará esta guerra, e Espanha dizem ajustará a sua paz.	pessoa	Gazetas
Portugal	E porque tinha chegado um navio inglês, se discorre que seria motivo o ajuste desta questão, e o Embaixador de Castela tem oferecido 25 navios, e 80 mil homens: mas Portugal nunca fará esta guerra, e Espanha dizem ajustará a sua paz.	lugar	Gazetas
Espanha	E porque tinha chegado um navio inglês, se discorre que seria motivo o ajuste desta questão, e o Embaixador de Castela tem oferecido 25 navios, e 80 mil homens: mas Portugal nunca fará esta guerra, e Espanha dizem ajustará a sua paz.	lugar	Gazetas
mouros	Andam na costa muitos navios de mouros, e dizem saíram alguns nossos.	outros	Gazetas
Marquês de Marialva	O Marquês de Marialva foi a Mafra e chegou o Marquês de Távora que está nas casas do Visconde de Asseca com o Conde da Ribeira para onde há de vir a senhora Marquesa de Távora, que ficou em Viseu, nos princípios de outubro.	pessoa	Gazetas
Mafra	O Marquês de Marialva foi a Mafra e chegou o Marquês de Távora que está nas casas do Visconde de Asseca com o Conde da Ribeira para onde há de vir a senhora Marquesa de Távora, que ficou em Viseu, nos princípios de outubro.	lugar	Gazetas
Marquês de Távora	O Marquês de Marialva foi a Mafra e chegou o Marquês de Távora que está nas casas do Visconde de Asseca com o Conde da Ribeira para onde há de vir a senhora Marquesa de Távora, que ficou em Viseu, nos princípios de outubro.	pessoa	Gazetas
Visconde de Asseca	O Marquês de Marialva foi a Mafra e chegou o Marquês de Távora que está nas casas do Visconde de Asseca com o Conde da Ribeira para onde há de vir a senhora Marquesa de Távora, que ficou em Viseu, nos princípios de outubro.	pessoa	Gazetas
Conde da Ribeira	O Marquês de Marialva foi a Mafra e chegou o Marquês de Távora que está nas casas do Visconde de Asseca com o Conde da Ribeira para onde há de vir a senhora Marquesa de Távora, que ficou em Viseu, nos princípios de outubro.	pessoa	Gazetas
senhora Marquesa de Távora	O Marquês de Marialva foi a Mafra e chegou o Marquês de Távora que está nas casas do Visconde de Asseca com o Conde da Ribeira para onde há de vir a senhora Marquesa de Távora, que ficou em Viseu, nos princípios de outubro.	pessoa	Gazetas
Viseu	O Marquês de Marialva foi a Mafra e chegou o Marquês de Távora que está nas casas do Visconde de Asseca com o Conde da Ribeira para onde há de vir a senhora Marquesa de Távora, que ficou em Viseu, nos princípios de outubro.	lugar	Gazetas
princípios de outubro	O Marquês de Marialva foi a Mafra e chegou o Marquês de Távora que está nas casas do Visconde de Asseca com o Conde da Ribeira para onde há de vir a senhora Marquesa de Távora, que ficou em Viseu, nos princípios de outubro.	tempo	Gazetas
Conde de Sarzedas	Continua o Conde de Sarzedas em ter sezões um dia, e outro não, que já dão algum cuidado.	pessoa	Gazetas
sezões	Continua o Conde de Sarzedas em ter sezões um dia, e outro não, que já dão algum cuidado.	sintoma	Gazetas
Fernão Correia de Lacerda	Já deu conta Fernão Correia de Lacerda aos reis, do casamento de sua sobrinha Senhora de Pancas que está em Odivelas, com o Dom Rodrigo de Noronha filho da senhora Condessa de Arcos, e como por ele vagaram dois mil cruzados de benefícios da casa do Visconde, ainda que tem muitos pretendentes, se entende que será preferido o filho 3.° do Conde de Avintes.	pessoa	Gazetas
Senhora de Pancas	Já deu conta Fernão Correia de Lacerda aos reis, do casamento de sua sobrinha Senhora de Pancas que está em Odivelas, com o Dom Rodrigo de Noronha filho da senhora Condessa de Arcos, e como por ele vagaram dois mil cruzados de benefícios da casa do Visconde, ainda que tem muitos pretendentes, se entende que será preferido o filho 3.° do Conde de Avintes.	pessoa	Gazetas
Odivelas	Já deu conta Fernão Correia de Lacerda aos reis, do casamento de sua sobrinha Senhora de Pancas que está em Odivelas, com o Dom Rodrigo de Noronha filho da senhora Condessa de Arcos, e como por ele vagaram dois mil cruzados de benefícios da casa do Visconde, ainda que tem muitos pretendentes, se entende que será preferido o filho 3.° do Conde de Avintes.	lugar	Gazetas
Dom Rodrigo de Noronha	Já deu conta Fernão Correia de Lacerda aos reis, do casamento de sua sobrinha Senhora de Pancas que está em Odivelas, com o Dom Rodrigo de Noronha filho da senhora Condessa de Arcos, e como por ele vagaram dois mil cruzados de benefícios da casa do Visconde, ainda que tem muitos pretendentes, se entende que será preferido o filho 3.° do Conde de Avintes.	pessoa	Gazetas
Condessa de Arcos	Já deu conta Fernão Correia de Lacerda aos reis, do casamento de sua sobrinha Senhora de Pancas que está em Odivelas, com o Dom Rodrigo de Noronha filho da senhora Condessa de Arcos, e como por ele vagaram dois mil cruzados de benefícios da casa do Visconde, ainda que tem muitos pretendentes, se entende que será preferido o filho 3.° do Conde de Avintes.	pessoa	Gazetas
dois mil cruzados	Já deu conta Fernão Correia de Lacerda aos reis, do casamento de sua sobrinha Senhora de Pancas que está em Odivelas, com o Dom Rodrigo de Noronha filho da senhora Condessa de Arcos, e como por ele vagaram dois mil cruzados de benefícios da casa do Visconde, ainda que tem muitos pretendentes, se entende que será preferido o filho 3.° do Conde de Avintes.	valor	Gazetas
Visconde	Já deu conta Fernão Correia de Lacerda aos reis, do casamento de sua sobrinha Senhora de Pancas que está em Odivelas, com o Dom Rodrigo de Noronha filho da senhora Condessa de Arcos, e como por ele vagaram dois mil cruzados de benefícios da casa do Visconde, ainda que tem muitos pretendentes, se entende que será preferido o filho 3.° do Conde de Avintes.	pessoa	Gazetas
Conde de Avintes	Já deu conta Fernão Correia de Lacerda aos reis, do casamento de sua sobrinha Senhora de Pancas que está em Odivelas, com o Dom Rodrigo de Noronha filho da senhora Condessa de Arcos, e como por ele vagaram dois mil cruzados de benefícios da casa do Visconde, ainda que tem muitos pretendentes, se entende que será preferido o filho 3.° do Conde de Avintes.	pessoa	Gazetas
Marquês de Abrantes	O Marquês de Abrantes já foi ao Conselho da Fazenda, sem embargo de se ter decidido contra ele a preferência dos marqueses conselheiros de Estado sendo ele mais antigo, Marquês.	pessoa	Gazetas
Conselho da Fazenda	O Marquês de Abrantes já foi ao Conselho da Fazenda, sem embargo de se ter decidido contra ele a preferência dos marqueses conselheiros de Estado sendo ele mais antigo, Marquês.	organização	Gazetas
El-rei	El-rei mandou as mulas dos seus coches, a trabalhar a Mafra.	pessoa	Gazetas
Mafra	El-rei mandou as mulas dos seus coches, a trabalhar a Mafra.	lugar	Gazetas
Macau	Não chegou como se dizia, a nau de Macau, nem a frota de Pernambuco.	lugar	Gazetas
Pernambuco	Não chegou como se dizia, a nau de Macau, nem a frota de Pernambuco.	lugar	Gazetas
Antônio de Saldanha	Casa Antônio de Saldanha sobrinho do Morgado, de Oliveira com uma parenta sua por parte de sua mãe que dizem que é rica, e sobrinha do Deão de Évora. 	pessoa	Gazetas
Morgado, de Oliveira	Casa Antônio de Saldanha sobrinho do Morgado, de Oliveira com uma parenta sua por parte de sua mãe que dizem que é rica, e sobrinha do Deão de Évora. 	pessoa	Gazetas
Deão de Évora	Casa Antônio de Saldanha sobrinho do Morgado, de Oliveira com uma parenta sua por parte de sua mãe que dizem que é rica, e sobrinha do Deão de Évora. 	pessoa	Gazetas
Papa	Dizem que o Papa está com perigo, e proveu dois capelos de cardeal que estavam vagos em seu sobrinho Orsini, e Amburguesi.	pessoa	Gazetas
Orsini	Dizem que o Papa está com perigo, e proveu dois capelos de cardeal que estavam vagos em seu sobrinho Orsini, e Amburguesi.	pessoa	Gazetas
Amburguesi	Dizem que o Papa está com perigo, e proveu dois capelos de cardeal que estavam vagos em seu sobrinho Orsini, e Amburguesi.	pessoa	Gazetas
Marquês de Alegrete Manuel Teles	O Marquês de Alegrete Manuel Teles e outros poetas tem celebrado em latim a obra de Mafra, e muitos a memória do Duque do Cadaval no livro que seu filho imprime com grande despesa.	pessoa	Gazetas
Mafra	O Marquês de Alegrete Manuel Teles e outros poetas tem celebrado em latim a obra de Mafra, e muitos a memória do Duque do Cadaval no livro que seu filho imprime com grande despesa.	lugar	Gazetas
Duque do Cadaval	O Marquês de Alegrete Manuel Teles e outros poetas tem celebrado em latim a obra de Mafra, e muitos a memória do Duque do Cadaval no livro que seu filho imprime com grande despesa.	pessoa	Gazetas
Igreja de Santo Antônio da Sé	A Igreja de Santo Antônio da Sé escapou de ser roubada, porque principiavam a queimar-lhe a porta, que estava já furada, e os descobriu o sineiro da Sé.	lugar	Gazetas
sineiro da Sé	A Igreja de Santo Antônio da Sé escapou de ser roubada, porque principiavam a queimar-lhe a porta, que estava já furada, e os descobriu o sineiro da Sé.	pessoa	Gazetas
Monsieur Camus	Monsieur Camus bem conhecido pelos galões que vende, recolhendo-se para sua casa, foi à sua porta roubado do pouco que trazia consigo não podendo tirar-lhe um anel de um diamante e um relógio; e gritando sua mulher foi causa de que dessem em Camus uma cutilada que quase lhe cortou o pescoço, mas está livre de perigo.	pessoa	Gazetas
Camus	Monsieur Camus bem conhecido pelos galões que vende, recolhendo-se para sua casa, foi à sua porta roubado do pouco que trazia consigo não podendo tirar-lhe um anel de um diamante e um relógio; e gritando sua mulher foi causa de que dessem em Camus uma cutilada que quase lhe cortou o pescoço, mas está livre de perigo.	pessoa	Gazetas
Conde da Ericeira	Ao Conde da Ericeira chegou o emprazamento do Louriçal que fica perpétuo.	pessoa	Gazetas
Louriçal	Ao Conde da Ericeira chegou o emprazamento do Louriçal que fica perpétuo.	lugar	Gazetas
Senhora Marquesa de Arronches	Veio a Senhora Marquesa de Arronches e assiste ao Conde de São Vicente. 	pessoa	Gazetas
Conde de São Vicente	Veio a Senhora Marquesa de Arronches e assiste ao Conde de São Vicente. 	pessoa	Gazetas
Senhora Condessa dos Arcos	A Senhora Condessa dos Arcos, o Visconde de Asseca em cujas casas está já o Conde da Ribeira continuando as demandas com sua mãe que está no Campo Grande, e dizem vão também para o Botol outras famílias.	pessoa	Gazetas
Visconde de Asseca	A Senhora Condessa dos Arcos, o Visconde de Asseca em cujas casas está já o Conde da Ribeira continuando as demandas com sua mãe que está no Campo Grande, e dizem vão também para o Botol outras famílias.	pessoa	Gazetas
Conde da Ribeira	A Senhora Condessa dos Arcos, o Visconde de Asseca em cujas casas está já o Conde da Ribeira continuando as demandas com sua mãe que está no Campo Grande, e dizem vão também para o Botol outras famílias.	pessoa	Gazetas
Campo Grande	A Senhora Condessa dos Arcos, o Visconde de Asseca em cujas casas está já o Conde da Ribeira continuando as demandas com sua mãe que está no Campo Grande, e dizem vão também para o Botol outras famílias.	lugar	Gazetas
Botol	A Senhora Condessa dos Arcos, o Visconde de Asseca em cujas casas está já o Conde da Ribeira continuando as demandas com sua mãe que está no Campo Grande, e dizem vão também para o Botol outras famílias.	lugar	Gazetas
Francisco de Almada	Batizou Francisco de Almada o seu filho com o nome de José, e a senhora Marquesa de Marialva está livre de perigo que teve sobre parto.	pessoa	Gazetas
José	Batizou Francisco de Almada o seu filho com o nome de José, e a senhora Marquesa de Marialva está livre de perigo que teve sobre parto.	pessoa	Gazetas
senhora Marquesa de Marialva	Batizou Francisco de Almada o seu filho com o nome de José, e a senhora Marquesa de Marialva está livre de perigo que teve sobre parto.	pessoa	Gazetas
senhora Condessa de Soure	A senhora Condessa de Soure já sai e de conta, as notícias do Conde de Aveiras Luís da Silva estar muito doente, deram grande cuidado a sua família, também livrou de uma queixa dilatada, e com muitas sangrias a Senhora Dona Maria Madalena de Portugal e padeceu outra a senhora Condessa da Atalaia Dona Francisca o Padre Frei Antônio da Piedade se foi para Varatojo deixando feita a renúncia da Abadessa de Santa Clara. 	pessoa	Gazetas
Conde de Aveiras Luís da Silva	A senhora Condessa de Soure já sai e de conta, as notícias do Conde de Aveiras Luís da Silva estar muito doente, deram grande cuidado a sua família, também livrou de uma queixa dilatada, e com muitas sangrias a Senhora Dona Maria Madalena de Portugal e padeceu outra a senhora Condessa da Atalaia Dona Francisca o Padre Frei Antônio da Piedade se foi para Varatojo deixando feita a renúncia da Abadessa de Santa Clara. 	pessoa	Gazetas
Senhora Dona Maria Madalena de Portugal	A senhora Condessa de Soure já sai e de conta, as notícias do Conde de Aveiras Luís da Silva estar muito doente, deram grande cuidado a sua família, também livrou de uma queixa dilatada, e com muitas sangrias a Senhora Dona Maria Madalena de Portugal e padeceu outra a senhora Condessa da Atalaia Dona Francisca o Padre Frei Antônio da Piedade se foi para Varatojo deixando feita a renúncia da Abadessa de Santa Clara. 	pessoa	Gazetas
senhora Condessa da Atalaia Dona Francisca	A senhora Condessa de Soure já sai e de conta, as notícias do Conde de Aveiras Luís da Silva estar muito doente, deram grande cuidado a sua família, também livrou de uma queixa dilatada, e com muitas sangrias a Senhora Dona Maria Madalena de Portugal e padeceu outra a senhora Condessa da Atalaia Dona Francisca o Padre Frei Antônio da Piedade se foi para Varatojo deixando feita a renúncia da Abadessa de Santa Clara. 	pessoa	Gazetas
Padre Frei Antônio da Piedade	A senhora Condessa de Soure já sai e de conta, as notícias do Conde de Aveiras Luís da Silva estar muito doente, deram grande cuidado a sua família, também livrou de uma queixa dilatada, e com muitas sangrias a Senhora Dona Maria Madalena de Portugal e padeceu outra a senhora Condessa da Atalaia Dona Francisca o Padre Frei Antônio da Piedade se foi para Varatojo deixando feita a renúncia da Abadessa de Santa Clara. 	pessoa	Gazetas
Varatojo	A senhora Condessa de Soure já sai e de conta, as notícias do Conde de Aveiras Luís da Silva estar muito doente, deram grande cuidado a sua família, também livrou de uma queixa dilatada, e com muitas sangrias a Senhora Dona Maria Madalena de Portugal e padeceu outra a senhora Condessa da Atalaia Dona Francisca o Padre Frei Antônio da Piedade se foi para Varatojo deixando feita a renúncia da Abadessa de Santa Clara. 	lugar	Gazetas
Abadessa de Santa Clara	A senhora Condessa de Soure já sai e de conta, as notícias do Conde de Aveiras Luís da Silva estar muito doente, deram grande cuidado a sua família, também livrou de uma queixa dilatada, e com muitas sangrias a Senhora Dona Maria Madalena de Portugal e padeceu outra a senhora Condessa da Atalaia Dona Francisca o Padre Frei Antônio da Piedade se foi para Varatojo deixando feita a renúncia da Abadessa de Santa Clara. 	pessoa	Gazetas
Padre Frei Francisco	O Padre Frei Francisco está já bem convalescido em Santos.	pessoa	Gazetas
Santos	O Padre Frei Francisco está já bem convalescido em Santos.	lugar	Gazetas
Troilo de Vasconcelos	Troilo de Vasconcelos está com grande perigo de um acidente.	pessoa	Gazetas
Manuel Caetano Lopes de Lavre	O casamento de Manuel Caetano Lopes de Lavre se fez com todo o luzimento assistindo toda a nobreza que tinha sido convidada em 44 coches, e ainda que foram só vinte tantas senhoras, a vão visitando quase todas; as casas tinham grande quantidade de prata, as paredes armadas e bons adereços, as mesas foram abundantes, e delicadas, e chegou aos lacaios, e povo a noiva é bem parecida, e os presentes foram riquíssimos, dando-lhe demais o noivo 8.000 cruzados para aviar-se, a alguns vestidos, mas as escrituras foram muito favoráveis a Manuel Caetano, não dando a noiva a metade dos adquiridos, e só um conto de réis de alimentos sem outras arras.	pessoa	Gazetas
8.000 cruzados	O casamento de Manuel Caetano Lopes de Lavre se fez com todo o luzimento assistindo toda a nobreza que tinha sido convidada em 44 coches, e ainda que foram só vinte tantas senhoras, a vão visitando quase todas; as casas tinham grande quantidade de prata, as paredes armadas e bons adereços, as mesas foram abundantes, e delicadas, e chegou aos lacaios, e povo a noiva é bem parecida, e os presentes foram riquíssimos, dando-lhe demais o noivo 8.000 cruzados para aviar-se, a alguns vestidos, mas as escrituras foram muito favoráveis a Manuel Caetano, não dando a noiva a metade dos adquiridos, e só um conto de réis de alimentos sem outras arras.	valor	Gazetas
Manuel Caetano	O casamento de Manuel Caetano Lopes de Lavre se fez com todo o luzimento assistindo toda a nobreza que tinha sido convidada em 44 coches, e ainda que foram só vinte tantas senhoras, a vão visitando quase todas; as casas tinham grande quantidade de prata, as paredes armadas e bons adereços, as mesas foram abundantes, e delicadas, e chegou aos lacaios, e povo a noiva é bem parecida, e os presentes foram riquíssimos, dando-lhe demais o noivo 8.000 cruzados para aviar-se, a alguns vestidos, mas as escrituras foram muito favoráveis a Manuel Caetano, não dando a noiva a metade dos adquiridos, e só um conto de réis de alimentos sem outras arras.	pessoa	Gazetas
um conto de réis	O casamento de Manuel Caetano Lopes de Lavre se fez com todo o luzimento assistindo toda a nobreza que tinha sido convidada em 44 coches, e ainda que foram só vinte tantas senhoras, a vão visitando quase todas; as casas tinham grande quantidade de prata, as paredes armadas e bons adereços, as mesas foram abundantes, e delicadas, e chegou aos lacaios, e povo a noiva é bem parecida, e os presentes foram riquíssimos, dando-lhe demais o noivo 8.000 cruzados para aviar-se, a alguns vestidos, mas as escrituras foram muito favoráveis a Manuel Caetano, não dando a noiva a metade dos adquiridos, e só um conto de réis de alimentos sem outras arras.	valor	Gazetas
30 arrobas	Gastam-se 30 arrobas de neve e previne muitas comédias, foram padrinhos Simão de Melo Cogominho, e Dom Antônio Alves da Cunha, e madrinha sua irmã mulher de Dom Antônio de Azevedo que adoeceu, e foi só madrinha a mulher de Francisco de Sousa da Silva Alcoforado que é filha de Sancho de Melo.	medida	Gazetas
Simão de Melo Cogominho	Gastam-se 30 arrobas de neve e previne muitas comédias, foram padrinhos Simão de Melo Cogominho, e Dom Antônio Alves da Cunha, e madrinha sua irmã mulher de Dom Antônio de Azevedo que adoeceu, e foi só madrinha a mulher de Francisco de Sousa da Silva Alcoforado que é filha de Sancho de Melo.	pessoa	Gazetas
Dom Antônio Alves da Cunha	Gastam-se 30 arrobas de neve e previne muitas comédias, foram padrinhos Simão de Melo Cogominho, e Dom Antônio Alves da Cunha, e madrinha sua irmã mulher de Dom Antônio de Azevedo que adoeceu, e foi só madrinha a mulher de Francisco de Sousa da Silva Alcoforado que é filha de Sancho de Melo.	pessoa	Gazetas
Dom Antônio de Azevedo	Gastam-se 30 arrobas de neve e previne muitas comédias, foram padrinhos Simão de Melo Cogominho, e Dom Antônio Alves da Cunha, e madrinha sua irmã mulher de Dom Antônio de Azevedo que adoeceu, e foi só madrinha a mulher de Francisco de Sousa da Silva Alcoforado que é filha de Sancho de Melo.	pessoa	Gazetas
Francisco de Sousa da Silva Alcoforado	Gastam-se 30 arrobas de neve e previne muitas comédias, foram padrinhos Simão de Melo Cogominho, e Dom Antônio Alves da Cunha, e madrinha sua irmã mulher de Dom Antônio de Azevedo que adoeceu, e foi só madrinha a mulher de Francisco de Sousa da Silva Alcoforado que é filha de Sancho de Melo.	pessoa	Gazetas
Sancho de Melo	Gastam-se 30 arrobas de neve e previne muitas comédias, foram padrinhos Simão de Melo Cogominho, e Dom Antônio Alves da Cunha, e madrinha sua irmã mulher de Dom Antônio de Azevedo que adoeceu, e foi só madrinha a mulher de Francisco de Sousa da Silva Alcoforado que é filha de Sancho de Melo.	pessoa	Gazetas
Dom Luís de Almada	A obra da água livre se abrevia e dizem se lançaram tributos em sete gêneros; chegou a mulher de Dom Luís de Almada com quatro filhas lindíssimas e três filhos, e está no Rossio; o Conde de Sarzedas continua em estar muito maltratado com sezões de poucas horas, e que passaram de erradas a regulares.	pessoa	Gazetas
Rossio	A obra da água livre se abrevia e dizem se lançaram tributos em sete gêneros; chegou a mulher de Dom Luís de Almada com quatro filhas lindíssimas e três filhos, e está no Rossio; o Conde de Sarzedas continua em estar muito maltratado com sezões de poucas horas, e que passaram de erradas a regulares.	lugar	Gazetas
Conde de Sarzedas	A obra da água livre se abrevia e dizem se lançaram tributos em sete gêneros; chegou a mulher de Dom Luís de Almada com quatro filhas lindíssimas e três filhos, e está no Rossio; o Conde de Sarzedas continua em estar muito maltratado com sezões de poucas horas, e que passaram de erradas a regulares.	pessoa	Gazetas
Marquês de Abrantes	Chegou o Marquês de Abrantes livre das suas queixas, e nas Caldas está melhor o de Angeja, e os mais que se acham naquele sítio para onde parte brevemente a Senhora Condessa da Ericeira, e já El-rei tirou a administração do hospital aos Lojos, e o manda reedificar, o Marquês de Távora se espera, o Patriarca foi batizar o filho do Conde de Lavradio.	pessoa	Gazetas
Caldas	Chegou o Marquês de Abrantes livre das suas queixas, e nas Caldas está melhor o de Angeja, e os mais que se acham naquele sítio para onde parte brevemente a Senhora Condessa da Ericeira, e já El-rei tirou a administração do hospital aos Lojos, e o manda reedificar, o Marquês de Távora se espera, o Patriarca foi batizar o filho do Conde de Lavradio.	lugar	Gazetas
o de Angeja	Chegou o Marquês de Abrantes livre das suas queixas, e nas Caldas está melhor o de Angeja, e os mais que se acham naquele sítio para onde parte brevemente a Senhora Condessa da Ericeira, e já El-rei tirou a administração do hospital aos Lojos, e o manda reedificar, o Marquês de Távora se espera, o Patriarca foi batizar o filho do Conde de Lavradio.	pessoa	Gazetas
Senhora Condessa da Ericeira	Chegou o Marquês de Abrantes livre das suas queixas, e nas Caldas está melhor o de Angeja, e os mais que se acham naquele sítio para onde parte brevemente a Senhora Condessa da Ericeira, e já El-rei tirou a administração do hospital aos Lojos, e o manda reedificar, o Marquês de Távora se espera, o Patriarca foi batizar o filho do Conde de Lavradio.	pessoa	Gazetas
El-rei	Chegou o Marquês de Abrantes livre das suas queixas, e nas Caldas está melhor o de Angeja, e os mais que se acham naquele sítio para onde parte brevemente a Senhora Condessa da Ericeira, e já El-rei tirou a administração do hospital aos Lojos, e o manda reedificar, o Marquês de Távora se espera, o Patriarca foi batizar o filho do Conde de Lavradio.	pessoa	Gazetas
Lojos	Chegou o Marquês de Abrantes livre das suas queixas, e nas Caldas está melhor o de Angeja, e os mais que se acham naquele sítio para onde parte brevemente a Senhora Condessa da Ericeira, e já El-rei tirou a administração do hospital aos Lojos, e o manda reedificar, o Marquês de Távora se espera, o Patriarca foi batizar o filho do Conde de Lavradio.	organização	Gazetas
Marquês de Távora	Chegou o Marquês de Abrantes livre das suas queixas, e nas Caldas está melhor o de Angeja, e os mais que se acham naquele sítio para onde parte brevemente a Senhora Condessa da Ericeira, e já El-rei tirou a administração do hospital aos Lojos, e o manda reedificar, o Marquês de Távora se espera, o Patriarca foi batizar o filho do Conde de Lavradio.	pessoa	Gazetas
Conde de Lavradio	Chegou o Marquês de Abrantes livre das suas queixas, e nas Caldas está melhor o de Angeja, e os mais que se acham naquele sítio para onde parte brevemente a Senhora Condessa da Ericeira, e já El-rei tirou a administração do hospital aos Lojos, e o manda reedificar, o Marquês de Távora se espera, o Patriarca foi batizar o filho do Conde de Lavradio.	pessoa	Gazetas
Patriarca	Chegou o Marquês de Abrantes livre das suas queixas, e nas Caldas está melhor o de Angeja, e os mais que se acham naquele sítio para onde parte brevemente a Senhora Condessa da Ericeira, e já El-rei tirou a administração do hospital aos Lojos, e o manda reedificar, o Marquês de Távora se espera, o Patriarca foi batizar o filho do Conde de Lavradio.	pessoa	Gazetas
Senhora Condessa de Alva	Chegou a Senhora Condessa de Alva; ainda não anda bom de um tumor o Conde de Vimieiro; está boa no campo a Senhora Condessa de Óbidos, e outra vez com queixas o Almirante.	pessoa	Gazetas
Conde de Vimieiro	Chegou a Senhora Condessa de Alva; ainda não anda bom de um tumor o Conde de Vimieiro; está boa no campo a Senhora Condessa de Óbidos, e outra vez com queixas o Almirante.	pessoa	Gazetas
Senhora Condessa de Óbidos	Chegou a Senhora Condessa de Alva; ainda não anda bom de um tumor o Conde de Vimieiro; está boa no campo a Senhora Condessa de Óbidos, e outra vez com queixas o Almirante.	pessoa	Gazetas
Almirante	Chegou a Senhora Condessa de Alva; ainda não anda bom de um tumor o Conde de Vimieiro; está boa no campo a Senhora Condessa de Óbidos, e outra vez com queixas o Almirante.	pessoa	Gazetas
Cardel Pereira	O Cardel Pereira já se mudou para as casas do Conde de Avintes donde está colocando os doze mil volumes com que acrescentou a grande livraria que já tinha, e a sua questão em que pretende mostrar que João Marques Bacalhau o não podia citar por uma dívida cível, ainda está por decidir, e tem havido variedade devotos, sendo toda, a dívida de 150.000 réis.	pessoa	Gazetas
Conde de Avintes	O Cardel Pereira já se mudou para as casas do Conde de Avintes donde está colocando os doze mil volumes com que acrescentou a grande livraria que já tinha, e a sua questão em que pretende mostrar que João Marques Bacalhau o não podia citar por uma dívida cível, ainda está por decidir, e tem havido variedade devotos, sendo toda, a dívida de 150.000 réis.	pessoa	Gazetas
João Marques Bacalhau	O Cardel Pereira já se mudou para as casas do Conde de Avintes donde está colocando os doze mil volumes com que acrescentou a grande livraria que já tinha, e a sua questão em que pretende mostrar que João Marques Bacalhau o não podia citar por uma dívida cível, ainda está por decidir, e tem havido variedade devotos, sendo toda, a dívida de 150.000 réis.	pessoa	Gazetas
150.000 réis	O Cardel Pereira já se mudou para as casas do Conde de Avintes donde está colocando os doze mil volumes com que acrescentou a grande livraria que já tinha, e a sua questão em que pretende mostrar que João Marques Bacalhau o não podia citar por uma dívida cível, ainda está por decidir, e tem havido variedade devotos, sendo toda, a dívida de 150.000 réis.	valor	Gazetas
dor de cólica	De um mercador, a quem repentinamente assaltou uma dor de cólica tão intolerável, que estando na fé sacramental para comungar, o não pode fazer; e sendo eu chamado, conheci dos grandíssimos ardores; e contínuos desejos de urinar, e vomitar, das picadas da bexiga, e do adormecimento da perna direita, que a tal dor era nefrítica; para cujo remédio apliquei um vomitório de três onças de água benedita vigorada, e três ajudas feitas de cozimento de rim de vaca, misturando em cada uma, uma onça de terebintina de beta lavada em água de malvas, até se fazer muito branca, com uma gema de ovo crua; metendo depois disto ao doente em um banho de água, que primeiro fosse cozida com um arrátel de amêndoas doces bem pisadas; e foram estes remédios tão maravilhosamente sucedidos, que dentro de quatro horas deitou muitas pedras redondas do tamanho de grãos de pimenta, e no mesmo dia se tiraram as dores, e ficou são.	sintoma	Semedo
três onças	De um mercador, a quem repentinamente assaltou uma dor de cólica tão intolerável, que estando na fé sacramental para comungar, o não pode fazer; e sendo eu chamado, conheci dos grandíssimos ardores; e contínuos desejos de urinar, e vomitar, das picadas da bexiga, e do adormecimento da perna direita, que a tal dor era nefrítica; para cujo remédio apliquei um vomitório de três onças de água benedita vigorada, e três ajudas feitas de cozimento de rim de vaca, misturando em cada uma, uma onça de terebintina de beta lavada em água de malvas, até se fazer muito branca, com uma gema de ovo crua; metendo depois disto ao doente em um banho de água, que primeiro fosse cozida com um arrátel de amêndoas doces bem pisadas; e foram estes remédios tão maravilhosamente sucedidos, que dentro de quatro horas deitou muitas pedras redondas do tamanho de grãos de pimenta, e no mesmo dia se tiraram as dores, e ficou são.	medida	Semedo
Primavera	Asim como no tempo da Primavera vemos nos campos tanta variedade de ervas, flores, e boninas, das quais umas diferem das outras pela diversidade das cores; outras pelo cheiro; e fragrância; outras pelo feitio, outras pela altura, e corpulência: nos bosques observamos tanta diferença de arvores, já os robustos carvalhos, já as sombrias faias, já os nodosos zimbros, já os levantados, e flexíveis choupos, já os sempre verdes pinheiros, jà os agudos ciprestes, e outras diferentes arvores; umas tão pequenas, e rasteiras que tocam em o chão; outras tão altas, e sublimes que se escondem entre as nuvens; umas se estimam pelas raízes, outras pela casca, outras pelas folhas, outras pelas flores, e outras pelos frutos: mas se em tão vistosa, e deleitável amenidade dos olhos, e risonha verdura dos prados descarrega sobre elas o machado, ou a foice cortadora, e se queimam no fogo, já não tem diferença alguma; mas todas, grandes, e pequenas, agradáveis, e desprezíveis, cheirosas, e fedorentas, levantadas, e rasteiras acabam na mesma fortuna, e igualdade.	tempo	Semedo
Lisboa	Um mercador de Lisboa, chamado Antonio Simões Lopo, sendo de idade de cinquenta anos, e um dos mais robustos homens do seu tempo, na madrugada de vinte e três de Julho de 1664.	lugar	Semedo
Antonio Simões Lopo	Um mercador de Lisboa, chamado Antonio Simões Lopo, sendo de idade de cinquenta anos, e um dos mais robustos homens do seu tempo, na madrugada de vinte e três de Julho de 1664.	pessoa	Semedo
vinte e três de Julho de 1664	Um mercador de Lisboa, chamado Antonio Simões Lopo, sendo de idade de cinquenta anos, e um dos mais robustos homens do seu tempo, na madrugada de vinte e três de Julho de 1664.	tempo	Semedo
Hércules	Neste lastimoso aperto fui chamado, e achei ao doente tão fraco, temeroso, e prostrado de animo, que não só me deixou admirado, mas obrigado a lhe perguntasse aonde estava o seu esforço de Hércules, a sua fortaleza de Sansão, e a sua valentia de Gedeão.	pessoa	Semedo
Sansão	Neste lastimoso aperto fui chamado, e achei ao doente tão fraco, temeroso, e prostrado de animo, que não só me deixou admirado, mas obrigado a lhe perguntasse aonde estava o seu esforço de Hércules, a sua fortaleza de Sansão, e a sua valentia de Gedeão.	pessoa	Semedo
Gedeão	Neste lastimoso aperto fui chamado, e achei ao doente tão fraco, temeroso, e prostrado de animo, que não só me deixou admirado, mas obrigado a lhe perguntasse aonde estava o seu esforço de Hércules, a sua fortaleza de Sansão, e a sua valentia de Gedeão.	pessoa	Semedo
Valesio	Entendi pois com Valesio, que não errava (fosse a causa qual fosse) começando a cura por uma ajuda feita de cozimento de malvas, violas, ameixas, ortigas mortas, e farelos lavados, com duas onças de óleo violado, e outras duas de lambedor de violas, e meia onça de diaprunos.	pessoa	Semedo
duas onças	Entendi pois com Valesio, que não errava (fosse a causa qual fosse) começando a cura por uma ajuda feita de cozimento de malvas, violas, ameixas, ortigas mortas, e farelos lavados, com duas onças de óleo violado, e outras duas de lambedor de violas, e meia onça de diaprunos.	medida	Semedo
meia onça	Entendi pois com Valesio, que não errava (fosse a causa qual fosse) começando a cura por uma ajuda feita de cozimento de malvas, violas, ameixas, ortigas mortas, e farelos lavados, com duas onças de óleo violado, e outras duas de lambedor de violas, e meia onça de diaprunos.	medida	Semedo
cinco onças	Mandei fazer em talhadinhas um rim de vaca, e que o cozessem em uma panela de barro com uma mão cheia de malvas, outra de ornigas mortas, outra de alfavaca de cobra, e em cinco onças deste cozimento mandei desatar uma onça de terebintina de beta lavada em tantas águas de malvas, até que se faça tão branca como neve; e com uma gema de ovo, e duas onças de lambedor de violas se deite esta ajuda morna; e com ela sentiu tanto alivio, que me resolvi a repeti-la muitas vezes, na esperança de que só elas bastassem para acabar de vencer a enfermidade: mas vendo que os desejos de vomitar, e os mais sintomas perseveravam, me resolvi a dar-lhe com toda a confiança três onças de água benedita vigorada, que costuma obrar prodigiosamente nestas dores, como tenho experimentado infinitas vezes no discurso de muitos anos; e sem embargo que o enfermo evacuou copiosamente por ambas as vias, nem por isso as dores cederam da sua crueldade; e desta grande resistência vim a entender que procediam de pedra, porque era de crer que se procedessem só da linfa grossa, ou acre, já estariam extintas com a virtude, e eficácia dos vomitórios, e mais remédios, que se tinham aplicado: resolvi-me pois a laxar as vias por onde haviam de sair as pedras, e para este fim lhe mandei preparar o seguinte banho.	medida	Semedo
uma onça	Mandei fazer em talhadinhas um rim de vaca, e que o cozessem em uma panela de barro com uma mão cheia de malvas, outra de ornigas mortas, outra de alfavaca de cobra, e em cinco onças deste cozimento mandei desatar uma onça de terebintina de beta lavada em tantas águas de malvas, até que se faça tão branca como neve; e com uma gema de ovo, e duas onças de lambedor de violas se deite esta ajuda morna; e com ela sentiu tanto alivio, que me resolvi a repeti-la muitas vezes, na esperança de que só elas bastassem para acabar de vencer a enfermidade: mas vendo que os desejos de vomitar, e os mais sintomas perseveravam, me resolvi a dar-lhe com toda a confiança três onças de água benedita vigorada, que costuma obrar prodigiosamente nestas dores, como tenho experimentado infinitas vezes no discurso de muitos anos; e sem embargo que o enfermo evacuou copiosamente por ambas as vias, nem por isso as dores cederam da sua crueldade; e desta grande resistência vim a entender que procediam de pedra, porque era de crer que se procedessem só da linfa grossa, ou acre, já estariam extintas com a virtude, e eficácia dos vomitórios, e mais remédios, que se tinham aplicado: resolvi-me pois a laxar as vias por onde haviam de sair as pedras, e para este fim lhe mandei preparar o seguinte banho.	medida	Semedo
três onças	Mandei fazer em talhadinhas um rim de vaca, e que o cozessem em uma panela de barro com uma mão cheia de malvas, outra de ornigas mortas, outra de alfavaca de cobra, e em cinco onças deste cozimento mandei desatar uma onça de terebintina de beta lavada em tantas águas de malvas, até que se faça tão branca como neve; e com uma gema de ovo, e duas onças de lambedor de violas se deite esta ajuda morna; e com ela sentiu tanto alivio, que me resolvi a repeti-la muitas vezes, na esperança de que só elas bastassem para acabar de vencer a enfermidade: mas vendo que os desejos de vomitar, e os mais sintomas perseveravam, me resolvi a dar-lhe com toda a confiança três onças de água benedita vigorada, que costuma obrar prodigiosamente nestas dores, como tenho experimentado infinitas vezes no discurso de muitos anos; e sem embargo que o enfermo evacuou copiosamente por ambas as vias, nem por isso as dores cederam da sua crueldade; e desta grande resistência vim a entender que procediam de pedra, porque era de crer que se procedessem só da linfa grossa, ou acre, já estariam extintas com a virtude, e eficácia dos vomitórios, e mais remédios, que se tinham aplicado: resolvi-me pois a laxar as vias por onde haviam de sair as pedras, e para este fim lhe mandei preparar o seguinte banho.	medida	Semedo
duas onças	Mandei fazer em talhadinhas um rim de vaca, e que o cozessem em uma panela de barro com uma mão cheia de malvas, outra de ornigas mortas, outra de alfavaca de cobra, e em cinco onças deste cozimento mandei desatar uma onça de terebintina de beta lavada em tantas águas de malvas, até que se faça tão branca como neve; e com uma gema de ovo, e duas onças de lambedor de violas se deite esta ajuda morna; e com ela sentiu tanto alivio, que me resolvi a repeti-la muitas vezes, na esperança de que só elas bastassem para acabar de vencer a enfermidade: mas vendo que os desejos de vomitar, e os mais sintomas perseveravam, me resolvi a dar-lhe com toda a confiança três onças de água benedita vigorada, que costuma obrar prodigiosamente nestas dores, como tenho experimentado infinitas vezes no discurso de muitos anos; e sem embargo que o enfermo evacuou copiosamente por ambas as vias, nem por isso as dores cederam da sua crueldade; e desta grande resistência vim a entender que procediam de pedra, porque era de crer que se procedessem só da linfa grossa, ou acre, já estariam extintas com a virtude, e eficácia dos vomitórios, e mais remédios, que se tinham aplicado: resolvi-me pois a laxar as vias por onde haviam de sair as pedras, e para este fim lhe mandei preparar o seguinte banho.	medida	Semedo
Lucas Rodriguez	A terceira coisa é, que quando tomarem algum banho, ou semicúpio estando no atual acidente, para alargar as veias ureterais, ou as emulgentes, e facilitar a saída da pedra, se fará o tal banho de cozimento daquelas ervas, que tiverem virtude, e propriedade de abrir as vias, e provocar as urinas, como são rabãos, pimpinela, alfavaca de cobra, amêndoas doces, malvaísco, linhaça galega, e boa quantidade de azeite; e que a água do tal banho seja mais quente do que costuma ser a dos que se aplicam para curar as febres lentas, ou para os maníacos, e hipocondríacos, porque para estes devem os banhos ser de água tíbia; mas para deitar as pedras, e laxar as vias, devem os banhos constar de água mais quente, como tenho observado não só neste doente; mas em Lucas Rodriguez, fundidor de finos, em Domingas Ferreira Lopa, mulher de Francisco Curvo, contratador de ferro, no Capitão Francisco de Albuquerque, e em outros que deixo de referir, por escusar enfado aos Leitores.	pessoa	Semedo
Domingas Ferreira Lopa	A terceira coisa é, que quando tomarem algum banho, ou semicúpio estando no atual acidente, para alargar as veias ureterais, ou as emulgentes, e facilitar a saída da pedra, se fará o tal banho de cozimento daquelas ervas, que tiverem virtude, e propriedade de abrir as vias, e provocar as urinas, como são rabãos, pimpinela, alfavaca de cobra, amêndoas doces, malvaísco, linhaça galega, e boa quantidade de azeite; e que a água do tal banho seja mais quente do que costuma ser a dos que se aplicam para curar as febres lentas, ou para os maníacos, e hipocondríacos, porque para estes devem os banhos ser de água tíbia; mas para deitar as pedras, e laxar as vias, devem os banhos constar de água mais quente, como tenho observado não só neste doente; mas em Lucas Rodriguez, fundidor de finos, em Domingas Ferreira Lopa, mulher de Francisco Curvo, contratador de ferro, no Capitão Francisco de Albuquerque, e em outros que deixo de referir, por escusar enfado aos Leitores.	pessoa	Semedo
Francisco Curvo	A terceira coisa é, que quando tomarem algum banho, ou semicúpio estando no atual acidente, para alargar as veias ureterais, ou as emulgentes, e facilitar a saída da pedra, se fará o tal banho de cozimento daquelas ervas, que tiverem virtude, e propriedade de abrir as vias, e provocar as urinas, como são rabãos, pimpinela, alfavaca de cobra, amêndoas doces, malvaísco, linhaça galega, e boa quantidade de azeite; e que a água do tal banho seja mais quente do que costuma ser a dos que se aplicam para curar as febres lentas, ou para os maníacos, e hipocondríacos, porque para estes devem os banhos ser de água tíbia; mas para deitar as pedras, e laxar as vias, devem os banhos constar de água mais quente, como tenho observado não só neste doente; mas em Lucas Rodriguez, fundidor de finos, em Domingas Ferreira Lopa, mulher de Francisco Curvo, contratador de ferro, no Capitão Francisco de Albuquerque, e em outros que deixo de referir, por escusar enfado aos Leitores.	pessoa	Semedo
Capitão Francisco de Albuquerque	A terceira coisa é, que quando tomarem algum banho, ou semicúpio estando no atual acidente, para alargar as veias ureterais, ou as emulgentes, e facilitar a saída da pedra, se fará o tal banho de cozimento daquelas ervas, que tiverem virtude, e propriedade de abrir as vias, e provocar as urinas, como são rabãos, pimpinela, alfavaca de cobra, amêndoas doces, malvaísco, linhaça galega, e boa quantidade de azeite; e que a água do tal banho seja mais quente do que costuma ser a dos que se aplicam para curar as febres lentas, ou para os maníacos, e hipocondríacos, porque para estes devem os banhos ser de água tíbia; mas para deitar as pedras, e laxar as vias, devem os banhos constar de água mais quente, como tenho observado não só neste doente; mas em Lucas Rodriguez, fundidor de finos, em Domingas Ferreira Lopa, mulher de Francisco Curvo, contratador de ferro, no Capitão Francisco de Albuquerque, e em outros que deixo de referir, por escusar enfado aos Leitores.	pessoa	Semedo
Polyanthea	E porque estou vendo, que aos Médicos novatos há de parecer erro aconselhar eu, que dêem láudano opiado aos que tiverem dores de pedra, ou de áreas tão excessivas, que as não possam deitar, por quanto o láudano reprime, e fecha, quando neste caso convém abrir, e laxar; respondo que bem sei, que o láudano não tem virtude para fazer sair a pedra; mas que o mando dar, porque como a dor por sua veemência estimula a bexiga, e o seu esfíncter, e eles irritados, e escandalizados se encolhem, convelem, e apertam, por isso não pode sair a pedra; mas tirada a dor por virtude do láudano, cessam os encolhimentos, e convulsões da bexiga, e consecutivamente fica lugar para a pedra sair, principalmente se a ajudarem com algum remédio especifico, como é um que eu tenho, e com que livrei a muitos da morte, e o poderão examinar os curiosos na minha Polyanthea nova, no trat. 2, cap. 81, fol. 509, do num. 36 até 42.	obra	Semedo
três onças	A quinta coisa que quero advertir aos que padecem achaque de rins, ou bexiga, ou gota, é que para se preservarem de tão terríveis males, tomem, ao menos duas vezes no ano, um vomitório de três onças de água benedita vigorada, porque se a tomarem, e forem moderados em comer, e beber, e não beberem vinho, tenham por certo que se livrarão de semelhante tormento: assim o asseguram graves Autores, e sobre todos Mangeto, o qual faulando da virtude que tem os vomitórios de água benedita, tomada duas vezes no ano, para os gotosos, e o mesmo será para a pedra, e achaques da bexiga, diz as seguintes palavras: Aqueles a quem não for mui dificultoso o vomitar, se nas primaveras, e outonos, antes de lhes dar o acidente da gota, usam da água benedita, raríssimas vezes, ou nunca serão assaltados do dito mal, e deste modo se podem preservar seguramente, como sejam bem regrados. 	medida	Semedo
Mangeto	A quinta coisa que quero advertir aos que padecem achaque de rins, ou bexiga, ou gota, é que para se preservarem de tão terríveis males, tomem, ao menos duas vezes no ano, um vomitório de três onças de água benedita vigorada, porque se a tomarem, e forem moderados em comer, e beber, e não beberem vinho, tenham por certo que se livrarão de semelhante tormento: assim o asseguram graves Autores, e sobre todos Mangeto, o qual faulando da virtude que tem os vomitórios de água benedita, tomada duas vezes no ano, para os gotosos, e o mesmo será para a pedra, e achaques da bexiga, diz as seguintes palavras: Aqueles a quem não for mui dificultoso o vomitar, se nas primaveras, e outonos, antes de lhes dar o acidente da gota, usam da água benedita, raríssimas vezes, ou nunca serão assaltados do dito mal, e deste modo se podem preservar seguramente, como sejam bem regrados. 	pessoa	Semedo
Primeira Dominga do Advento	SERMÃO da Primeira Dominga do Advento | Pregado na Capella Real, no Ano de 1652 | Amen dico vobis, non praeteribit | generatio haec donec omnia fiant. | Lucas, XXI | I 	tempo	Vieira
Capella Real	SERMÃO da Primeira Dominga do Advento | Pregado na Capella Real, no Ano de 1652 | Amen dico vobis, non praeteribit | generatio haec donec omnia fiant. | Lucas, XXI | I 	lugar	Vieira
Ano de 1652	SERMÃO da Primeira Dominga do Advento | Pregado na Capella Real, no Ano de 1652 | Amen dico vobis, non praeteribit | generatio haec donec omnia fiant. | Lucas, XXI | I 	tempo	Vieira
Lucas	SERMÃO da Primeira Dominga do Advento | Pregado na Capella Real, no Ano de 1652 | Amen dico vobis, non praeteribit | generatio haec donec omnia fiant. | Lucas, XXI | I 	obra	Vieira
dia do Juízo	Sabemos que antes do dia do Juízo, o sol, que soía fazer o dia, se há de escurecer e esconder totalmente com o mais horrendo e assombroso eclipse que nunca viram os mortais.	acontecimento	Vieira
Evangelho	Sabemos que depois destes tristíssimos sinais (a que o Evangelho chama princípios das dores) entre trovões, relâmpagos e raios, há de chover um dilúvio de fogo, com que se há de acender o ar, secar o mar, e abrasar a terra; e que nesta universal confusão de fumo e labaredas, há de arder e consumir-se em todos os três elementos, tudo o que até então respirava e vivia neles.	obra	Vieira
Redentor	Tornado a povoar assim o mundo, com todos os que hoje são, com todos os que foram, e com todos os que hão de ser, sabemos que de repente se há de abrir no céu uma grande porta, e que a primeira coisa que todos verão sair por ela, cercada de resplandores bastantes a escurecer o sol (se ainda houvera sol) será a mesma sagrada Cruz em que o Redentor do mundo padeceu, reservada só ela do incêndio, e reunida de todas as partes da cristandade, onde esteve dividida e adorada.	pessoa	Vieira
Cristo Jesus	Sabemos que por fim deste infinito, e pomposíssimo acompanhamento, aparecerá em trono majestoso de luzidíssimas nuvens, o supremo e universal Juiz, Cristo Jesus, a cuja vista se abaterão, prostrados com profundíssimo acatamento, toda a multidão imensa do gênero humano ressuscitado, adorando agora com bem diferentes afetos, uns a Majestade que creram e serviram, outros a que não quiseram crer, outros a que não quiseram servir.	pessoa	Vieira
Juiz	Sabemos que por fim deste infinito, e pomposíssimo acompanhamento, aparecerá em trono majestoso de luzidíssimas nuvens, o supremo e universal Juiz, Cristo Jesus, a cuja vista se abaterão, prostrados com profundíssimo acatamento, toda a multidão imensa do gênero humano ressuscitado, adorando agora com bem diferentes afetos, uns a Majestade que creram e serviram, outros a que não quiseram crer, outros a que não quiseram servir.	pessoa	Vieira
Majestade	Sabemos que por fim deste infinito, e pomposíssimo acompanhamento, aparecerá em trono majestoso de luzidíssimas nuvens, o supremo e universal Juiz, Cristo Jesus, a cuja vista se abaterão, prostrados com profundíssimo acatamento, toda a multidão imensa do gênero humano ressuscitado, adorando agora com bem diferentes afetos, uns a Majestade que creram e serviram, outros a que não quiseram crer, outros a que não quiseram servir.	organização	Vieira
doze Apóstolos	Parado em proporcionada distância o tremendo consitório, e assentados de um e outro lado, como assessores, os doze Apóstolos; sabemos que sairão dele como ministros inferiores de justiça muitos anjos em forma visível, os quais entrando por aquela imensidade de homens (já despidos e desenganados todos dos falsos respeitos que se lhes guardavam na vida) sem confusão nem resistência os apartarão uns dos outros, e os bons e ditosos serão colocados à mão direita, e os maus e mal aventurados postos à esquerda.	organização	Vieira
Mãe de misericórdia	Sabemos que convencidos desta evidência, ninguém haverá que replique, ninguém que embargue, ninguém que apele, nem para a Mãe de misericórdia, nem para a misericórdia do Filho e suas Chagas; porque havendo-se dado à mesma misericórdia tantos anos, aquele dia tantas vezes pregado e não temido, será todo de justiça.	pessoa	Vieira
Filho	Sabemos que convencidos desta evidência, ninguém haverá que replique, ninguém que embargue, ninguém que apele, nem para a Mãe de misericórdia, nem para a misericórdia do Filho e suas Chagas; porque havendo-se dado à mesma misericórdia tantos anos, aquele dia tantas vezes pregado e não temido, será todo de justiça.	pessoa	Vieira
Deus	Sabemos, finalmente, que pronunciada a sentença por aquela mesma sacratíssima boca que tantas vezes nos exortou à penitência dos pecados, que tanto tempo nos esperou pela emenda, e nos esteve rogando com o perdão: sabemos, digo, que os da mão direita com o mesmo e maior aparato (porque já as almas bem aventurados irão revestidas de seus corpos gloriosos) marcharão em triunfo para o céu, dando-se mil parabéns e vivas: e os miseráveis condenados, lançando sobre si infinitas maldições, e vendo sem remédio o que por sua culpa perderam, abrindo-se de repente a terra, cairão precipitados no inferno; e tornando-se outra vez a cerrar, ficarão sepultados, e ardendo nele, para em quanto Deus for Deus.	pessoa	Vieira
Deus	Sabemos, finalmente, que pronunciada a sentença por aquela mesma sacratíssima boca que tantas vezes nos exortou à penitência dos pecados, que tanto tempo nos esperou pela emenda, e nos esteve rogando com o perdão: sabemos, digo, que os da mão direita com o mesmo e maior aparato (porque já as almas bem aventurados irão revestidas de seus corpos gloriosos) marcharão em triunfo para o céu, dando-se mil parabéns e vivas: e os miseráveis condenados, lançando sobre si infinitas maldições, e vendo sem remédio o que por sua culpa perderam, abrindo-se de repente a terra, cairão precipitados no inferno; e tornando-se outra vez a cerrar, ficarão sepultados, e ardendo nele, para em quanto Deus for Deus.	pessoa	Vieira
Sagradas Escrituras	Estas são as grandes coisas que sabemos se hão de ver naquele grande e temeroso dia, todas certas e infalíveis, porque todas, sem afectação nem hipérbole, são tiradas das Sagradas Escrituras, no sentido natural, próprio e literal delas.	obra	Vieira
dia do Juízo	A primeira coisa que ignoramos, é quando há de ser o dia do Juízo: a segunda, quais de nós são os que se hão de ver à direita, e quais à esquerda.	acontecimento	Vieira
dia do Juízo	No primeiro vos direi de certo quando há-de ser o dia do Juízo: no segundo, também de certo, quais se hão de ver à mão direita, e quais à esquerda naquele dia.	acontecimento	Vieira
Deus	A matéria é tão grande e tão importante, que por si mesma se recomenda, e não é necessário pedir atenção: graça sim a Deus, e muita graça, para que nossas almas se deixem penetrar destes dois raios de luz, e tirem deles um último desengano, de que tanto necessita a nossa cegueira.	pessoa	Vieira
dia do Juízo	A questão do dia do Juízo, e fim do mundo, pode-se excitar de dois modos e em dois sentidos: ou mais largamente quanto aos anos, ou mais estreita e determinadamente quanto ao dia.	acontecimento	Vieira
conjunção maior	Alguns têm para si, que se há-de acabar o mundo no ano da conjunção maior, ou perfeitamente máxima, isto é, quando os orbes celestes, depois de acabarem inteiramente seu curso, tornarem outra vez a ficar no mesmo posto, composição e assento em que foram criados.	acontecimento	Vieira
Autor da natureza	O fundamento é, porque não parece conveniente, nem conforme à providência do Autor da natureza, que fabricasse esta grande máquina, com tantos, tão diversos, e tão concertados movimentos, para ficar parada no meio da carreira, e não dar, sequer, uma volta ou passeio inteiro, em que se visse e lograsse a consonância e simetria de sua admirável arquitetura; sendo certo que toda foi criada para louvor e glória do supremo Artífice.	pessoa	Vieira
supremo Artífice	O fundamento é, porque não parece conveniente, nem conforme à providência do Autor da natureza, que fabricasse esta grande máquina, com tantos, tão diversos, e tão concertados movimentos, para ficar parada no meio da carreira, e não dar, sequer, uma volta ou passeio inteiro, em que se visse e lograsse a consonância e simetria de sua admirável arquitetura; sendo certo que toda foi criada para louvor e glória do supremo Artífice.	pessoa	Vieira
dia de sua criação	A segunda opinião prova, ou quer provar, que o curso do mundo desde o dia de sua criação até o do Juízo, há-de ser de oito mil anos completos.	acontecimento	Vieira
Juízo	A segunda opinião prova, ou quer provar, que o curso do mundo desde o dia de sua criação até o do Juízo, há-de ser de oito mil anos completos.	acontecimento	Vieira
profeta Habacuc	Funda-se naquele lugar do profeta Habacuc, em que diz que Deus se havia de manifestar aos homens no meio dos anos: [In medio annorum notum facies]	pessoa	Vieira
Deus	Funda-se naquele lugar do profeta Habacuc, em que diz que Deus se havia de manifestar aos homens no meio dos anos: [In medio annorum notum facies]	pessoa	Vieira
Encarnação do Verbo	E constando, segundo a mais verdadeira e exata cronologia, que o mistério da Encarnação do Verbo, em que Deus se manifestou aos homens, foi quatro mil anos depois da criação, segue-se que do ano do nascimento de Cristo a outros quatro mil, há de ser o fim do mundo.	acontecimento	Vieira
Deus	E constando, segundo a mais verdadeira e exata cronologia, que o mistério da Encarnação do Verbo, em que Deus se manifestou aos homens, foi quatro mil anos depois da criação, segue-se que do ano do nascimento de Cristo a outros quatro mil, há de ser o fim do mundo.	pessoa	Vieira
quatro mil anos depois da criação	E constando, segundo a mais verdadeira e exata cronologia, que o mistério da Encarnação do Verbo, em que Deus se manifestou aos homens, foi quatro mil anos depois da criação, segue-se que do ano do nascimento de Cristo a outros quatro mil, há de ser o fim do mundo.	tempo	Vieira
Cristo	E constando, segundo a mais verdadeira e exata cronologia, que o mistério da Encarnação do Verbo, em que Deus se manifestou aos homens, foi quatro mil anos depois da criação, segue-se que do ano do nascimento de Cristo a outros quatro mil, há de ser o fim do mundo.	pessoa	Vieira
ano do nascimento de Cristo	E constando, segundo a mais verdadeira e exata cronologia, que o mistério da Encarnação do Verbo, em que Deus se manifestou aos homens, foi quatro mil anos depois da criação, segue-se que do ano do nascimento de Cristo a outros quatro mil, há de ser o fim do mundo.	tempo	Vieira
fim do mundo	E constando, segundo a mais verdadeira e exata cronologia, que o mistério da Encarnação do Verbo, em que Deus se manifestou aos homens, foi quatro mil anos depois da criação, segue-se que do ano do nascimento de Cristo a outros quatro mil, há de ser o fim do mundo.	acontecimento	Vieira
Deus	A terceira e comuníssima sentença, é que assim como o mundo foi criado em seis dias, há de durar somente seis mil anos, conforme aquela regra, de que mil anos para com Deus são um dia: [Mille anni ante oculos tuos tanquam dies]	pessoa	Vieira
sexto dia da criação	E assim como ao sexto dia da criação se seguiu o sétimo, em que diz a Escritura, que descansou Deus de tudo o que tinha obrado, e depois deste dia não se conta outro; assim ao sexto milenário da duração do mundo, se há-de seguir o sétimo, sem fim, no descanso da eternidade.	tempo	Vieira
o sétimo	E assim como ao sexto dia da criação se seguiu o sétimo, em que diz a Escritura, que descansou Deus de tudo o que tinha obrado, e depois deste dia não se conta outro; assim ao sexto milenário da duração do mundo, se há-de seguir o sétimo, sem fim, no descanso da eternidade.	tempo	Vieira
Escritura	E assim como ao sexto dia da criação se seguiu o sétimo, em que diz a Escritura, que descansou Deus de tudo o que tinha obrado, e depois deste dia não se conta outro; assim ao sexto milenário da duração do mundo, se há-de seguir o sétimo, sem fim, no descanso da eternidade.	obra	Vieira
Deus	E assim como ao sexto dia da criação se seguiu o sétimo, em que diz a Escritura, que descansou Deus de tudo o que tinha obrado, e depois deste dia não se conta outro; assim ao sexto milenário da duração do mundo, se há-de seguir o sétimo, sem fim, no descanso da eternidade.	pessoa	Vieira
sexto milenário da duração do mundo	E assim como ao sexto dia da criação se seguiu o sétimo, em que diz a Escritura, que descansou Deus de tudo o que tinha obrado, e depois deste dia não se conta outro; assim ao sexto milenário da duração do mundo, se há-de seguir o sétimo, sem fim, no descanso da eternidade.	tempo	Vieira
o sétimo	E assim como ao sexto dia da criação se seguiu o sétimo, em que diz a Escritura, que descansou Deus de tudo o que tinha obrado, e depois deste dia não se conta outro; assim ao sexto milenário da duração do mundo, se há-de seguir o sétimo, sem fim, no descanso da eternidade.	tempo	Vieira
Gentios	E verdadeiramente assim o demonstra a conspiração com que vemos concordes no mesmo parecer os mais doutos homens dos Gentios, dos Hebreus, dos Gregos, dos Latinos.	outros	Vieira
Hebreus	E verdadeiramente assim o demonstra a conspiração com que vemos concordes no mesmo parecer os mais doutos homens dos Gentios, dos Hebreus, dos Gregos, dos Latinos.	outros	Vieira
Gregos	E verdadeiramente assim o demonstra a conspiração com que vemos concordes no mesmo parecer os mais doutos homens dos Gentios, dos Hebreus, dos Gregos, dos Latinos.	outros	Vieira
Latinos	E verdadeiramente assim o demonstra a conspiração com que vemos concordes no mesmo parecer os mais doutos homens dos Gentios, dos Hebreus, dos Gregos, dos Latinos.	outros	Vieira
Gentios	Dos Gentios, [Hydaspes] Mercúrio [Trismegisto, e as Sibyllas]: dos Hebreus, [Rabbi Isaac, Rabbi Elias, e Rabbi Moysés Gerundense]: dos Gregos, Santo [Hyppolito], São Justino, Santo Irineu, São Cyrillo, São Crisóstomo: dos Latinos, Tertulliano, Lactâncio, São Jerônimo, Santo Agostinho, Santo Hilário.	outros	Vieira
Mercúrio	Dos Gentios, [Hydaspes] Mercúrio [Trismegisto, e as Sibyllas]: dos Hebreus, [Rabbi Isaac, Rabbi Elias, e Rabbi Moysés Gerundense]: dos Gregos, Santo [Hyppolito], São Justino, Santo Irineu, São Cyrillo, São Crisóstomo: dos Latinos, Tertulliano, Lactâncio, São Jerônimo, Santo Agostinho, Santo Hilário.	pessoa	Vieira
Hydaspes	Dos Gentios, [Hydaspes] Mercúrio [Trismegisto, e as Sibyllas]: dos Hebreus, [Rabbi Isaac, Rabbi Elias, e Rabbi Moysés Gerundense]: dos Gregos, Santo [Hyppolito], São Justino, Santo Irineu, São Cyrillo, São Crisóstomo: dos Latinos, Tertulliano, Lactâncio, São Jerônimo, Santo Agostinho, Santo Hilário.	pessoa	Vieira
Trismegisto	Dos Gentios, [Hydaspes] Mercúrio [Trismegisto, e as Sibyllas]: dos Hebreus, [Rabbi Isaac, Rabbi Elias, e Rabbi Moysés Gerundense]: dos Gregos, Santo [Hyppolito], São Justino, Santo Irineu, São Cyrillo, São Crisóstomo: dos Latinos, Tertulliano, Lactâncio, São Jerônimo, Santo Agostinho, Santo Hilário.	pessoa	Vieira
Sibyllas	Dos Gentios, [Hydaspes] Mercúrio [Trismegisto, e as Sibyllas]: dos Hebreus, [Rabbi Isaac, Rabbi Elias, e Rabbi Moysés Gerundense]: dos Gregos, Santo [Hyppolito], São Justino, Santo Irineu, São Cyrillo, São Crisóstomo: dos Latinos, Tertulliano, Lactâncio, São Jerônimo, Santo Agostinho, Santo Hilário.	pessoa	Vieira
Hebreus	Dos Gentios, [Hydaspes] Mercúrio [Trismegisto, e as Sibyllas]: dos Hebreus, [Rabbi Isaac, Rabbi Elias, e Rabbi Moysés Gerundense]: dos Gregos, Santo [Hyppolito], São Justino, Santo Irineu, São Cyrillo, São Crisóstomo: dos Latinos, Tertulliano, Lactâncio, São Jerônimo, Santo Agostinho, Santo Hilário.	outros	Vieira
Rabbi Isaac	Dos Gentios, [Hydaspes] Mercúrio [Trismegisto, e as Sibyllas]: dos Hebreus, [Rabbi Isaac, Rabbi Elias, e Rabbi Moysés Gerundense]: dos Gregos, Santo [Hyppolito], São Justino, Santo Irineu, São Cyrillo, São Crisóstomo: dos Latinos, Tertulliano, Lactâncio, São Jerônimo, Santo Agostinho, Santo Hilário.	pessoa	Vieira
Rabbi Elias	Dos Gentios, [Hydaspes] Mercúrio [Trismegisto, e as Sibyllas]: dos Hebreus, [Rabbi Isaac, Rabbi Elias, e Rabbi Moysés Gerundense]: dos Gregos, Santo [Hyppolito], São Justino, Santo Irineu, São Cyrillo, São Crisóstomo: dos Latinos, Tertulliano, Lactâncio, São Jerônimo, Santo Agostinho, Santo Hilário.	pessoa	Vieira
Rabbi Moysés Gerundense	Dos Gentios, [Hydaspes] Mercúrio [Trismegisto, e as Sibyllas]: dos Hebreus, [Rabbi Isaac, Rabbi Elias, e Rabbi Moysés Gerundense]: dos Gregos, Santo [Hyppolito], São Justino, Santo Irineu, São Cyrillo, São Crisóstomo: dos Latinos, Tertulliano, Lactâncio, São Jerônimo, Santo Agostinho, Santo Hilário.	pessoa	Vieira
Gregos	Dos Gentios, [Hydaspes] Mercúrio [Trismegisto, e as Sibyllas]: dos Hebreus, [Rabbi Isaac, Rabbi Elias, e Rabbi Moysés Gerundense]: dos Gregos, Santo [Hyppolito], São Justino, Santo Irineu, São Cyrillo, São Crisóstomo: dos Latinos, Tertulliano, Lactâncio, São Jerônimo, Santo Agostinho, Santo Hilário.	outros	Vieira
Santo [Hyppolito]	Dos Gentios, [Hydaspes] Mercúrio [Trismegisto, e as Sibyllas]: dos Hebreus, [Rabbi Isaac, Rabbi Elias, e Rabbi Moysés Gerundense]: dos Gregos, Santo [Hyppolito], São Justino, Santo Irineu, São Cyrillo, São Crisóstomo: dos Latinos, Tertulliano, Lactâncio, São Jerônimo, Santo Agostinho, Santo Hilário.	pessoa	Vieira
São Justino	Dos Gentios, [Hydaspes] Mercúrio [Trismegisto, e as Sibyllas]: dos Hebreus, [Rabbi Isaac, Rabbi Elias, e Rabbi Moysés Gerundense]: dos Gregos, Santo [Hyppolito], São Justino, Santo Irineu, São Cyrillo, São Crisóstomo: dos Latinos, Tertulliano, Lactâncio, São Jerônimo, Santo Agostinho, Santo Hilário.	pessoa	Vieira
Santo Irineu	Dos Gentios, [Hydaspes] Mercúrio [Trismegisto, e as Sibyllas]: dos Hebreus, [Rabbi Isaac, Rabbi Elias, e Rabbi Moysés Gerundense]: dos Gregos, Santo [Hyppolito], São Justino, Santo Irineu, São Cyrillo, São Crisóstomo: dos Latinos, Tertulliano, Lactâncio, São Jerônimo, Santo Agostinho, Santo Hilário.	pessoa	Vieira
São Cyrillo	Dos Gentios, [Hydaspes] Mercúrio [Trismegisto, e as Sibyllas]: dos Hebreus, [Rabbi Isaac, Rabbi Elias, e Rabbi Moysés Gerundense]: dos Gregos, Santo [Hyppolito], São Justino, Santo Irineu, São Cyrillo, São Crisóstomo: dos Latinos, Tertulliano, Lactâncio, São Jerônimo, Santo Agostinho, Santo Hilário.	pessoa	Vieira
São Crisóstomo	Dos Gentios, [Hydaspes] Mercúrio [Trismegisto, e as Sibyllas]: dos Hebreus, [Rabbi Isaac, Rabbi Elias, e Rabbi Moysés Gerundense]: dos Gregos, Santo [Hyppolito], São Justino, Santo Irineu, São Cyrillo, São Crisóstomo: dos Latinos, Tertulliano, Lactâncio, São Jerônimo, Santo Agostinho, Santo Hilário.	pessoa	Vieira
Latinos	Dos Gentios, [Hydaspes] Mercúrio [Trismegisto, e as Sibyllas]: dos Hebreus, [Rabbi Isaac, Rabbi Elias, e Rabbi Moysés Gerundense]: dos Gregos, Santo [Hyppolito], São Justino, Santo Irineu, São Cyrillo, São Crisóstomo: dos Latinos, Tertulliano, Lactâncio, São Jerônimo, Santo Agostinho, Santo Hilário.	outros	Vieira
Tertulliano	Dos Gentios, [Hydaspes] Mercúrio [Trismegisto, e as Sibyllas]: dos Hebreus, [Rabbi Isaac, Rabbi Elias, e Rabbi Moysés Gerundense]: dos Gregos, Santo [Hyppolito], São Justino, Santo Irineu, São Cyrillo, São Crisóstomo: dos Latinos, Tertulliano, Lactâncio, São Jerônimo, Santo Agostinho, Santo Hilário.	pessoa	Vieira
Lactâncio	Dos Gentios, [Hydaspes] Mercúrio [Trismegisto, e as Sibyllas]: dos Hebreus, [Rabbi Isaac, Rabbi Elias, e Rabbi Moysés Gerundense]: dos Gregos, Santo [Hyppolito], São Justino, Santo Irineu, São Cyrillo, São Crisóstomo: dos Latinos, Tertulliano, Lactâncio, São Jerônimo, Santo Agostinho, Santo Hilário.	pessoa	Vieira
São Jerônimo	Dos Gentios, [Hydaspes] Mercúrio [Trismegisto, e as Sibyllas]: dos Hebreus, [Rabbi Isaac, Rabbi Elias, e Rabbi Moysés Gerundense]: dos Gregos, Santo [Hyppolito], São Justino, Santo Irineu, São Cyrillo, São Crisóstomo: dos Latinos, Tertulliano, Lactâncio, São Jerônimo, Santo Agostinho, Santo Hilário.	pessoa	Vieira
Santo Agostinho	Dos Gentios, [Hydaspes] Mercúrio [Trismegisto, e as Sibyllas]: dos Hebreus, [Rabbi Isaac, Rabbi Elias, e Rabbi Moysés Gerundense]: dos Gregos, Santo [Hyppolito], São Justino, Santo Irineu, São Cyrillo, São Crisóstomo: dos Latinos, Tertulliano, Lactâncio, São Jerônimo, Santo Agostinho, Santo Hilário.	pessoa	Vieira
Santo Hilário	Dos Gentios, [Hydaspes] Mercúrio [Trismegisto, e as Sibyllas]: dos Hebreus, [Rabbi Isaac, Rabbi Elias, e Rabbi Moysés Gerundense]: dos Gregos, Santo [Hyppolito], São Justino, Santo Irineu, São Cyrillo, São Crisóstomo: dos Latinos, Tertulliano, Lactâncio, São Jerônimo, Santo Agostinho, Santo Hilário.	pessoa	Vieira
Providência Divina	Acrescenta-se ao peso de tanta autoridade, ser conforme este número à distribuição natural da Providência Divina; pois sabemos que a lei da natureza durou dois mil anos, a escrita outros dois mil, e parece que segundo a proporção e correspondência das mesmas leis, deve durar a da graça outro tanto tempo.	outros	Vieira
Berllarmino	Por estes e outros fundamentos, muitos e graves autores modernos, como Berllarmino, Genebrardo, Feuardencio, Pico Mirandulano, Bongo, Cornélio, e outros, têm esta sentença por mui provável, e como tal a seguem.	pessoa	Vieira
Genebrardo	Por estes e outros fundamentos, muitos e graves autores modernos, como Berllarmino, Genebrardo, Feuardencio, Pico Mirandulano, Bongo, Cornélio, e outros, têm esta sentença por mui provável, e como tal a seguem.	pessoa	Vieira
Feuardencio	Por estes e outros fundamentos, muitos e graves autores modernos, como Berllarmino, Genebrardo, Feuardencio, Pico Mirandulano, Bongo, Cornélio, e outros, têm esta sentença por mui provável, e como tal a seguem.	pessoa	Vieira
Pico Mirandulano	Por estes e outros fundamentos, muitos e graves autores modernos, como Berllarmino, Genebrardo, Feuardencio, Pico Mirandulano, Bongo, Cornélio, e outros, têm esta sentença por mui provável, e como tal a seguem.	pessoa	Vieira
Bongo	Por estes e outros fundamentos, muitos e graves autores modernos, como Berllarmino, Genebrardo, Feuardencio, Pico Mirandulano, Bongo, Cornélio, e outros, têm esta sentença por mui provável, e como tal a seguem.	pessoa	Vieira
Cornélio	Por estes e outros fundamentos, muitos e graves autores modernos, como Berllarmino, Genebrardo, Feuardencio, Pico Mirandulano, Bongo, Cornélio, e outros, têm esta sentença por mui provável, e como tal a seguem.	pessoa	Vieira
Roma	Na suposição dela, e de que o mundo não há de durar mais que seis mil anos; desde o ano presente, em que estamos, até o último, não lhe restam de duração mais que trezentos e cinquenta: e daqui podem inferir os que hoje edificam tão magnificamente em todas as cortes, Roma, Paris, e na nossa Lisboa, que tudo isto que fazem, e em que tanto se cansam, é em ir ajuntando lenha para o fogo do dia do Juízo.	lugar	Vieira
Paris	Na suposição dela, e de que o mundo não há de durar mais que seis mil anos; desde o ano presente, em que estamos, até o último, não lhe restam de duração mais que trezentos e cinquenta: e daqui podem inferir os que hoje edificam tão magnificamente em todas as cortes, Roma, Paris, e na nossa Lisboa, que tudo isto que fazem, e em que tanto se cansam, é em ir ajuntando lenha para o fogo do dia do Juízo.	lugar	Vieira
Lisboa	Na suposição dela, e de que o mundo não há de durar mais que seis mil anos; desde o ano presente, em que estamos, até o último, não lhe restam de duração mais que trezentos e cinquenta: e daqui podem inferir os que hoje edificam tão magnificamente em todas as cortes, Roma, Paris, e na nossa Lisboa, que tudo isto que fazem, e em que tanto se cansam, é em ir ajuntando lenha para o fogo do dia do Juízo.	lugar	Vieira
dia do Juízo	Na suposição dela, e de que o mundo não há de durar mais que seis mil anos; desde o ano presente, em que estamos, até o último, não lhe restam de duração mais que trezentos e cinquenta: e daqui podem inferir os que hoje edificam tão magnificamente em todas as cortes, Roma, Paris, e na nossa Lisboa, que tudo isto que fazem, e em que tanto se cansam, é em ir ajuntando lenha para o fogo do dia do Juízo.	acontecimento	Vieira
